id,question_vi,answer_vi,context,category,difficulty,answer_type,source_url,updated_at
HN001,Những điểm tham quan biểu tượng nào ở trung tâm Hà Nội phù hợp cho lịch trình nửa ngày?,"Hồ Hoàn Kiếm – Đền Ngọc Sơn, Phố cổ (Hàng Đào–Hàng Ngang–Hàng Gai), và Nhà thờ Lớn. Ba điểm này nằm trong bán kính đi bộ ~1–1,5 km, thuận tiện kết hợp trong nửa ngày.",Khu trung tâm quận Hoàn Kiếm tập trung các điểm di sản và phố đi bộ. Hồ Hoàn Kiếm nối với Đền Ngọc Sơn qua cầu Thê Húc; Phố cổ có mạng lưới 36 phố; Nhà thờ Lớn cách hồ ~500 m.,Điểm đến,dễ,danh sách,,15/10/2025
HN002,Tôi nên đi Văn Miếu – Quốc Tử Giám vào khung giờ nào để ít đông?,Đi sớm buổi sáng trong tuần (khoảng 08:00–09:00) thường vắng hơn cuối tuần và buổi chiều.,"Văn Miếu là di tích lịch sử – văn hoá, dễ đông vào giờ cao điểm du lịch và ngày cuối tuần. Đi sớm giúp chụp ảnh và tham quan thư thái.",Điểm đến,dễ,mẹo thời gian,,15/10/2025
HN003,Bún chả Hà Nội truyền thống gồm những thành phần nào?,"Thịt ba chỉ nướng lát và chả viên, nước chấm chua ngọt, bún rối, rau sống và đu đủ xanh/ cà rốt ngâm chua.","Bún chả là món đặc trưng Hà Nội: thịt nướng than, ăn kèm nước chấm và bún; rau sống gồm xà lách, tía tô, húng…",Món ăn đặc sản,dễ,mô tả,,15/10/2025
HN004,"Nếu thích phở bò thanh, nước trong, tôi nên thử phong cách nào ở Hà Nội?","Hãy thử phở bò phong cách truyền thống Hà Nội: nước dùng trong, ngọt xương, bánh phở mỏng; thường chan ít mỡ, nêm hành lá và hành củ chần.","Phở Hà Nội thiên về vị thanh, ít gia vị mạnh; các hàng lâu năm giữ phong cách nước dùng trong, ăn kèm quẩy và giấm tỏi.",Món ăn đặc sản,dễ,khuyến nghị phong cách,,15/10/2025
HN005,Chả cá Hà Nội khác gì so với các món cá nướng thông thường?,"Chả cá là cá lọc xương cắt miếng ướp thì là – nghệ – mắm, rán trên chảo với mỡ, ăn kèm bún, lạc rang, hành thì là xào, mắm tôm chanh ớt.","Món “chả cá” nổi tiếng ở Hà Nội với phong cách xào tại bàn; vị đặc trưng từ nghệ, thì là và mắm tôm.",Món ăn đặc sản,trung bình,so sánh – mô tả,,15/10/2025
HN006,Khu Phố cổ Hà Nội phù hợp với du khách thích trải nghiệm gì?,"Đi bộ ngắm kiến trúc nhà ống, ghé chợ Đồng Xuân, cà phê phố, ẩm thực đường phố buổi tối, và các phố nghề truyền thống.","Phố cổ gồm mạng lưới 36 phố; buổi tối có phố đi bộ quanh hồ, nhiều hàng quán và biểu diễn đường phố vào cuối tuần.",Điểm đến,dễ,gợi ý trải nghiệm,,15/10/2025
HN007,Tôi có thể thưởng thức cốm làng Vòng vào mùa nào là ngon nhất?,"Mùa thu (khoảng tháng 9–11) là thời điểm cốm mới, dẻo thơm nhất.","Cốm là đặc sản theo mùa của Hà Nội, thường bán kèm chuối chín/ hồng giòn hoặc chế biến thành bánh cốm, chả cốm.",Món ăn đặc sản,dễ,theo mùa,,15/10/2025
HN008,Một quán phở nổi tiếng ở khu Hoàn Kiếm thường đông vào giờ nào và có mẹo tránh xếp hàng không?,Các quán nổi tiếng thường đông 06:30–08:30 và 18:30–20:30. Mẹo: đi sớm hơn khung giờ cao điểm hoặc ăn xế 10:00–11:00.,Các hàng phở danh tiếng thu hút cả người địa phương lẫn khách du lịch; xếp hàng là thường thấy vào giờ ăn.,Quán ăn nổi tiếng,trung bình,mẹo xếp hàng,,15/10/2025
HN009,Lăng Chủ tịch Hồ Chí Minh có lưu ý trang phục và hành vi nào khi tham quan?,"Trang phục lịch sự, không đội mũ khi vào, giữ trật tự, không chụp ảnh trong khu vực cấm, xếp hàng theo hướng dẫn.",Đây là không gian trang nghiêm; du khách cần tuân thủ quy định an ninh và văn hoá ứng xử.,Điểm đến,dễ,quy tắc – lưu ý,,15/10/2025
HN010,Bún thang Hà Nội có hương vị chủ đạo như thế nào?,"Thanh, nhẹ, thơm từ nước dùng xương gà – tôm khô, điểm mắm tôm rất ít; topping gồm trứng thái sợi, gà xé, giò lụa, củ cải.","Bún thang là món công phu của ẩm thực Hà Nội, nhấn mạnh sự tinh tế và cân bằng vị.",Món ăn đặc sản,trung bình,mô tả,,15/10/2025
HN011,Khu vực nào ở Hà Nội phù hợp để trải nghiệm cà phê view hồ?,"Khu Hồ Tây (quanh đường Thanh Niên, Trích Sài, Quảng An) có nhiều quán cà phê nhìn ra mặt nước.","Hồ Tây là hồ lớn nhất Hà Nội, cảnh quan thoáng đãng, hoàng hôn đẹp, phù hợp thư giãn.",Điểm đến,dễ,gợi ý khu vực,,15/10/2025
HN012,Bún đậu mắm tôm ở Hà Nội thường ăn kèm những gì?,"Đậu phụ rán, bún lá, chả cốm, thịt ba chỉ luộc, dồi rán, rau thơm và mắm tôm pha chanh ớt đường.",Món ăn dân dã phổ biến tại nhiều quán vỉa hè lẫn nhà hàng; mắm tôm có thể thay bằng nước mắm tuỳ khẩu vị.,Món ăn đặc sản,dễ,mô tả,,15/10/2025
HN013,Một buổi tối ẩm thực đường phố quanh Hồ Hoàn Kiếm nên thử những món nào?,"Bánh gối, nem rán, phở cuốn, chè, kem Tràng Tiền, nước mía/ sấu đá; kết hợp tản bộ phố đi bộ cuối tuần.","Khu vực hồ và phố đi bộ (cuối tuần) tập trung nhiều hàng quán, thuận tiện đi bộ và ăn vặt.",Trải nghiệm ẩm thực,dễ,gợi ý thực đơn,,15/10/2025
HN014,Mùa đẹp nhất để tham quan Hà Nội là khi nào nếu ưu tiên thời tiết mát và khô?,"Cuối thu – đầu đông (thường từ tháng 10 đến đầu tháng 12) thời tiết mát, ít mưa, bầu trời trong.","Hà Nội có mùa hè nóng ẩm mưa nhiều; mùa thu và đầu đông dễ chịu hơn cho dạo phố, chụp ảnh.",Lập kế hoạch,dễ,theo mùa,,15/10/2025
HN015,So sánh nhanh: phở tái lăn và phở tái ở Hà Nội khác nhau thế nào?,"Phở tái: thịt bò chần nhanh trong nước dùng. Phở tái lăn: thịt xào lăn sơ với tỏi/mỡ trước khi chan nước dùng, vị đậm và thơm hơn.",Nhiều quán phở Hà Nội phục vụ cả hai lựa chọn; “lăn” tạo mùi thơm và lớp mỡ quyện.,Món ăn đặc sản,trung bình,so sánh,,15/10/2025
HN016,Top 3 trải nghiệm văn hoá gần nhau cho du khách lần đầu đến Hà Nội?,"Văn Miếu – Quốc Tử Giám, Hoàng thành Thăng Long, và Nhà tù Hoả Lò. Ba điểm thuộc quận Ba Đình – Đống Đa – Hoàn Kiếm, di chuyển 10–15 phút giữa các điểm.","Bộ ba điểm di tích lịch sử – giáo dục – kiến trúc, dễ kết nối bằng taxi/xe công nghệ.",Điểm đến,trung bình,danh sách – tuyến tham quan,,15/10/2025
HN017,"Nếu không ăn được mắm tôm, tôi có thể thay thế gì khi ăn chả cá?","Có thể thay bằng nước mắm chua ngọt hoặc muối tiêu chanh, dù hương vị sẽ khác biệt so với mắm tôm.",Một số nhà hàng cung cấp lựa chọn nước chấm khác cho khách không dùng mắm tôm.,Món ăn đặc sản,dễ,thay thế – lưu ý khẩu vị,,15/10/2025
HN018,"Khi đi ăn các quán nổi tiếng ở Hà Nội, cần lưu ý điều gì về thanh toán?","Chuẩn bị tiền mặt mệnh giá nhỏ; dù nhiều nơi chấp nhận chuyển khoản, một số quán vỉa hè chỉ nhận tiền mặt.",Hệ sinh thái thanh toán đa dạng nhưng không đồng nhất; khách lẻ nên có tiền mặt dự phòng.,Quán ăn nổi tiếng,dễ,mẹo thực tế,,15/10/2025
HN019,Bánh tôm Hồ Tây chuẩn vị thường có đặc điểm gì?,"Tôm bọc bột chiên giòn, ăn kèm rau sống, đu đủ chua và nước chấm chua ngọt; bánh giòn nhưng không quá dày bột.","Món ăn gắn với khu vực Hồ Tây, phù hợp dùng nóng tại chỗ để giữ độ giòn.",Món ăn đặc sản,dễ,mô tả,,15/10/2025
HN020,Lịch trình nửa ngày ẩm thực Hà Nội cho người mới đến nên đi theo tuyến nào?,Buổi sáng phở – cà phê trứng quanh hồ; trưa bún chả khu Hoàn Kiếm; chiều chè kem Tràng Tiền; tối chả cá hoặc bún đậu mắm tôm.,"Các điểm cách nhau ngắn, có thể đi bộ/taxi; thứ tự giúp nếm trải nhiều món đặc trưng trong một ngày.",Lập kế hoạch,trung bình,tuyến ẩm thực,,15/10/2025
HN021,Quán bún chả thường kín chỗ vào ngày nào trong tuần?,Thứ sáu – chủ nhật thường đông hơn ngày thường; nên đến trước 11:30 hoặc sau 13:30.,Cuối tuần nhu cầu ăn ngoài tăng; khung giờ trưa là cao điểm của các quán bún chả.,Quán ăn nổi tiếng,dễ,mẹo thời gian,,15/10/2025
HN022,Có món ngọt nào đặc trưng Hà Nội phù hợp làm quà?,"Bánh cốm, ô mai, sấu ngâm. Chọn cơ sở uy tín để đảm bảo hương vị và đóng gói đẹp.","Đặc sản dễ vận chuyển, bảo quản tốt; phổ biến ở các cửa hàng đặc sản khu trung tâm.",Món ăn đặc sản,dễ,gợi ý quà,,15/10/2025
HN023,Nên kết hợp ghé bảo tàng nào khi tham quan khu Ba Đình?,Bảo tàng Hồ Chí Minh và Bảo tàng Lịch sử Quân sự Việt Nam là hai lựa chọn thuận tiện.,"Cả hai nằm gần Quảng trường Ba Đình/Điện Biên Phủ, phù hợp ghép tuyến với Lăng Chủ tịch và Hoàng thành.",Điểm đến,dễ,gợi ý kết hợp,,15/10/2025
HN024,Phở gà Hà Nội khác gì phở bò về hương vị?,"Phở gà nước dùng nhẹ, thơm gừng hành; topping thịt gà xé/đùi – lòng mề; vị thanh hơn phở bò.",Nhiều người chọn phở gà cho bữa sáng nhẹ nhàng; nước dùng trong và ít béo.,Món ăn đặc sản,dễ,so sánh,,15/10/2025
HN025,Khu nào tập trung nhiều quán phở bò lâu năm ở Hà Nội?,"Quận Hoàn Kiếm và Đống Đa có mật độ quán phở lâu năm cao, đặc biệt quanh các phố cổ và trục Khâm Thiên – Tôn Đức Thắng.","Khu trung tâm có lượng khách lớn, nhiều thương hiệu phở gắn bó lâu năm với người dân.",Quán ăn nổi tiếng,trung bình,khu vực,,15/10/2025
HN026,Mẹo gọi món khi ăn chả cá lần đầu?,"Gọi suất tiêu chuẩn cho 1–2 người, xin thêm rau thì là – hành để xào thơm, nếm mắm tôm trước khi pha để điều chỉnh độ mặn.","Phục vụ theo suất; mắm tôm đậm, nên pha chanh đường ớt từ tốn cho hợp vị.",Trải nghiệm ẩm thực,dễ,mẹo gọi món,,15/10/2025
HN027,"Nếu chỉ có 2 tiếng buổi tối ở Hà Nội, nên chọn quán nào: phở hay bún chả?","Chọn phở nếu muốn ăn nhanh, phục vụ liên tục đến tối muộn; chọn bún chả nếu muốn bữa ăn đủ món, thời gian ngồi lâu hơn.","Phở phục vụ nhanh, nhiều quán mở muộn; bún chả thường đông vào giờ cao điểm, trải nghiệm chậm hơn.",Lập kế hoạch,trung bình,ra quyết định,,15/10/2025
HN028,Có lựa chọn nào cho người ăn chay khi khám phá ẩm thực Hà Nội?,"Phở chay, bún chả chay (đậu – nấm), bún/phở cuốn chay, các quán cơm chay quanh quận Ba Đình – Đống Đa – Hoàn Kiếm.",Ẩm thực Hà Nội có nhiều biến tấu chay; nên hỏi trước về nước dùng (xương/rau củ).,Món ăn đặc sản,dễ,lựa chọn thay thế,,15/10/2025
HN029,Điểm check-in kiến trúc Pháp ở Hà Nội nên ghé ở đâu?,"Nhà hát Lớn, Phủ Chủ tịch (phía ngoài), Bưu điện Hà Nội, các biệt thự Pháp quanh Trần Hưng Đạo – Phan Chu Trinh.","Khu vực quận Hoàn Kiếm – Ba Đình lưu giữ nhiều công trình kiến trúc Pháp, thuận tiện chụp ảnh ngoại cảnh.",Điểm đến,dễ,danh sách địa điểm,,15/10/2025
HN030,Làm thế nào để phân loại câu hỏi trong bộ dữ liệu du lịch – ẩm thực Hà Nội?,"Có thể gán nhãn theo: (1) Chủ đề: Điểm đến/ Món ăn/ Quán ăn/ Lập kế hoạch/ Trải nghiệm/ Quy tắc – văn hoá. (2) Ý định: factoid, danh sách, so sánh, mẹo/ how-to, ra quyết định. (3) Bối cảnh: lần đầu/ gia đình/ cặp đôi/ nhóm bạn/ ăn chay/ mẫn cảm gia vị.",Phân loại đa chiều giúp mô hình hiểu yêu cầu và xuất ra câu trả lời đúng định dạng.,Hướng dẫn xây dựng dữ liệu,dễ,hướng dẫn,,15/10/2025
HN031,Nên đi du lịch Hà Nội vào thời điểm nào?,Mùa thu – đầu đông và mùa hoa là thời điểm đẹp nhất để tham quan Hà Nội,"Thời tiết Hà Nội lúc này có nắng nhẹ, se se lạnh hòa quyện với mùi hoa sữa thơm thoang thoảng sẽ rất phù hợp cho hành trình tham quan Thủ đô. ",Lập kế hoạch,dễ,theo mùa,https://www.traveloka.com/vi-vn/explore/tips/kinh-nghiem-du-lich-ha-noi-tu-a-den-z/58336,16/04/2025
HN032,Gợi ý các địa điểm du lịch ở Hà Nội nên đi vào ban ngày ?,"Có thể đi Lăng Chủ tịch Hồ Chí Minh, Phổ cổ, Hoàng thành Thăng Long, Văn Miếu-Quốc Tử Giám, Hồ Tây ","Địa điểm thu hút hàng ngàn du khách,kể cả trong nước và ngoài nước",Điểm đến,dễ,danh sách,https://phuotvivu.com/blog/kinh-nghiem-du-lich/du-lich-tu-tuc-ha-noi-kinh-nghiem-lich-trinh-chi-phi/?gidzl=k6z5Tnmw8L2qT4Pp4YKeLB1nI7KE8IbM-28T85vqUW3v9Hfo2YDw0wCcIYKBS7vN_tLCT3cGO5OK6ZOhLm,15/05/2025
HN033,Lăng Chủ tịch Hồ Chí Minh mở cửa vào thời gian nào ?,"Từ tháng 4 – 10: 7h30 đến 10h30. (Vào thứ 7, chủ nhật và các ngày lễ khác, Lăng mở cửa từ 7h30 đến 11h).Từ tháng 11 – 3 năm sau: 8h đến 11h. (Đối với thứ bảy, chủ nhật và các ngày lễ, Lăng mở cửa từ 8h đến 11h30). ",Là thời gian cố định mở cửa của Lăng Chủ tịch Hồ Chí Minh.Ngày nghỉ cố định là thứ Hai và thứ Sáu hàng tuần trừ khi có các dịp dễ lớn.,Trải nghiệm du lịch,dễ,thời gian,https://vi.wikipedia.org/wiki/L%C4%83ng_Ch%E1%BB%A7_t%E1%BB%8Bch_H%E1%BB%93_Ch%C3%AD_Minh,28/10/2025
HN034,Giá vé tham quan Lăng Chủ tịch Hồ Chí Minh là bao nhiêu ?," Miễn phí đối với người Việt Nam, còn khách nước ngoài thì sẽ thu phí 25k. ","Hoàn toàn miễn phí đối với du khách Việt Nam , còn du khách nước ngoài sẽ mất phí",Điểm đến,dễ,giá trị,https://phuotvivu.com/blog/kinh-nghiem-du-lich/du-lich-tu-tuc-ha-noi-kinh-nghiem-lich-trinh-chi-phi/?gidzl=IMVaIaikK4b5VETEHJ5PJKPzx4rUCLrA3Ywv60va3XmFARvAMZCE7rKgxXrRO0fB2NdeJ3asV8OmJI9QJW,
HN035,Gợi ý các địa điểm du lịch ở Hà Nội về đêm ?,"Chợ Đồng Xuân, phố ẩm thực Hàng Buồm, phố đi bộ Hồ Gươm là những nơi bạn có thể ghé qua","Đó là những địa điểm mua sắm, ăn uống ,hoạt động náo nhiệt trên các con phố",Điểm đến,dễ,danh sách,https://phuotvivu.com/blog/kinh-nghiem-du-lich/du-lich-tu-tuc-ha-noi-kinh-nghiem-lich-trinh-chi-phi/?gidzl=IMVaIaikK4b5VETEHJ5PJKPzx4rUCLrA3Ywv60va3XmFARvAMZCE7rKgxXrRO0fB2NdeJ3asV8OmJI9QJW,
HN036,Những món ăn nên thưởng thức vào mùa thu Hà Nội ?,"Cốm Làng Vòng, cháo Sườn, bánh đúc nóng, cà phê trứng là những món không nên bỏ qua.",Những món ăn lý tưởng mang đậm hương vị mùa thu.,Món ăn đặc sản,dễ,danh sách,,
HN037,Top 2 địa điểm gần nhau có thể tham quan vào buổi sáng Hà Nội,"7h30 – 9h00: Tham quan Lăng Chủ tịch Hồ Chí Minh. 9h00 – 9h30: Tham Chùa Một Cột, ngắm cảnh và chụp ảnh. Hai địa điểm cách nhau 200m,đi bộ 3-5p.Hoặc 7h00 – 8h30: Dạo quanh Hồ Hoàn Kiếm, ngắm Tháp Rùa, chụp ảnh. 8h30 – 9h30: Tham quan Đền Ngọc Sơn, tìm hiểu về văn hóa Thăng Long.Hai địa điểm nằm liền kề, chỉ cách nhau vài chục mét qua cầu Thê Húc.","Nếu bạn chỉ có buổi sáng ở Hà Nội, thì nên chọn những địa điểm gần trung tâm – dễ di chuyển – có giá trị văn hóa và cảnh quan.",Điểm đến,trung bình,danh sách - tuyến tham quan,,
HN038,Khu vực nào ở Hà Nội nhiều quán ăn ngon?,"Khu phố cổ, quận Hoàn Kiếm là nơi tập trung nhiều quán ăn ngon và nổi tiếng","Phố cổ – quận Hoàn Kiếm Khu vực có nhiều quán ăn ngon nhất, đặc biệt quanh các phố như Hàng Buồm, Hàng Đào, Tạ Hiện, Lý Quốc Sư và Chân Cầm.",Điểm đến,dễ,danh sách,,
HN039,"Nếu chỉ có một ngày ở Hà Nội, nên ăn món gì đặc trưng?","Bạn nên thử phở Bát Đàn buổi sáng, bún chả Hương Liên buổi trưa, cà phê trứng buổi chiều,đồ ăn đường phố tại khu phố cổ hoặc Tạ Hiện vào buổi tối","Các địa điểm gần nhau,di chuyển nhanh",Lập kế hoạch,trung bình,tuyến ẩm thực,,
HN040,Khu vực nào ở Hà Nội có nhiều quán ăn đêm?,"Phố Tạ Hiện, hồ Tây và khu Cầu Giấy là những địa điểm ăn đêm lý tưởng",Các địa điểm này hoạt động sôi động về đêm.,Điểm đến,dễ,danh sách,,
HN041,Lễ Thượng cờ và Hạ cờ lăng Chủ Tịch Hồ Chí Minh ở Hà Nội diễn ra lúc mấy giờ ?,Lễ Thượng cờ diễn ra lúc 21h và lễ Hạ cờ diễn ra lúc 6h hàng ngày,"Lễ thượng cờ, hạ cờ tại quảng trường Ba Đình là một nghi lễ cấp quốc gia của Việt Nam. Đoàn 275 - đơn vị đặc trách nhiệm vụ về nghi lễ, nghi thức của Bộ Tư lệnh bảo vệ lăng - được giao thực hiện nhiệm vụ này.",Trải nghiệm du lịch,dễ,thời gian,,
HN042,Ở khách sạn nào để thuận tiện tham quan cả Nhà thờ lớn và Văn miếu Quốc tử giám ?,"Nên ở khách sạn khu vực Đống Đa như Khách sạn Hà Nội Gallant:  Nhà Thờ Lớn Hà Nội 2,3 km, Văn Miếu 3,4 km. khách sạn My House Hotel : Nhà Thờ Lớn Hà Nội 2,4 km, Văn Miếu 3,1 km",Khách sạn gần các địa điểm tham quan nổi tiếng,Trải nghiệm du lịch,trung bình,gợi ý,https://www.agoda.com/vi-vn/hanoi-gallant-hotel/hotel/hanoi-vn.html?ds=eHJhI828QrB%2Fk6in,28/11/2025
HN043,Chợ đêm phố cổ mở cửa khi nào?,"Phiên chợ đêm phố cổ thường họp vào tối thứ 6, thứ 7 và chủ nhật hàng tuần, trên các phố Hàng Đào, Hàng Ngang, Hàng Đường, Hàng Khoai tới Hàng Giầy.","hợ đêm phố cổ lúc nào cũng nhộn nhịp, với nhiều mặt hàng bình dị, dân dã, cổ kính đậm chất của người Việt.",Trải nghiệm du lịch,dễ,thời gian,,
HN044,Một buổi tối ở Hồ Tây nên ăn gì và đi đâu?,"Có thể ăn các món như bánh tôm Tây Hồ,  Phở Gánh, Bún bò Huế O Uông, Canh bún cua Cô Ngà. Sau đó đi cà phê ven hồ ngắm view Hồ Tây.","Hồ tây là địa điểm ăn uống, view đẹp ở Hà Nội",Lập kế hoạch,trung bình,tuyến ẩm thực,,
HN045,Một số khách sạn giá rẻ gần trung tâm Hà Nội ?,"Khách sạn Phương Ngọc, Q. Hai Bà Trưng. Khách sạn Lemon, Q.Ba Đình. Khách sạn Riverside Hà Nội, Q.Hoàn Kiếm. Khách sạn Mely, Q.Cầu Giấy. Khách sạn Hoa Dương, Q. Hoàn Kiếm.","Hà Nội có rất nhiều các nhà nghỉ khách sạn nổi tiếng, trong đó có những khách sạn 2-3 sao giá bình dân.",Điểm nghỉ ngơi,dễ,danh sách,,
HN046,Muốn trải nghiệm nghề truyền thống thì nên đi đâu?,Làng gốm Bát Tràng – tự tay nặn gốm. Làng hương Quảng Phú Cầu – check-in với sân phơi hương đỏ rực. Làng nón Chuông – xem quy trình làm nón lá,"Nhiều làng nghề quanh Hà Nội vẫn giữ được nét thủ công tinh tế và không khí mộc mạc, giúp du khách có cơ hội trực tiếp tham gia các hoạt động thú vị như nặn gốm, làm hương, hay xem quy trình làm nón lá.",Nghệ thuật-truyền thống,dễ,danh sách,https://www.traveloka.com/vi-vn/explore/tips/kinh-nghiem-du-lich-ha-noi-tu-a-den-z/58336,16/04/2025
HN047,Những điểm nổi bật nào nên ghé thăm trong khu Hoàng thành Thăng Long ?,"Nên thăm Đoan Môn, Điện Kính Thiên, khu khảo cổ 18 Hoàng Diệu và Bắc Môn – mỗi nơi đều mang vẻ đẹp riêng",Các địa điểm chính trong khu di tích,Trải nghiệm du lịch,dễ,danh sách,https://interstellas.com.vn/hoang-thanh-thang-long-o-dau-ha-noi/,19/09/2025
HN048,Ở Hà Nội có show nghệ thuật truyền thống nào đặc sắc?,Có thể xem Múa rối nước Thăng Long (phố Hàng Bạc) hoặc Show Tinh Hoa Bắc Bộ tại Quốc Oai,Tái hiện nét văn hóa dân gian Việt Nam.,Nghệ thuật-truyền thống,dễ,danh sách,https://www.traveloka.com/vi-vn/explore/tips/kinh-nghiem-du-lich-ha-noi-tu-a-den-z/58336,16/04/2025
HN049,Di chuyển trong Hà Nội bằng phương tiện gì tiện nhất?,"Thuê xe máy: 100.000 – 150.000 VND/ngày.  Xích lô: thích hợp dạo quanh phố cổ. Xe điện: tham quan khu hồ Hoàn Kiếm, giá 15.000 VND/chuyến.","Giao thông Hà Nội khá đa dạng — từ các phương tiện hiện đại xe công nghệ, đến những phương tiện truyền thống đặc trưng mang đậm nét văn hóa phố cổ.",Trải nghiệm du lịch,dễ,danh sách,https://www.traveloka.com/vi-vn/explore/tips/kinh-nghiem-du-lich-ha-noi-tu-a-den-z/58336,19/09/2025
HN050,Phố cổ Hà Nội có gì đặc biệt?,"Là khu “36 phố phường” nổi tiếng với các ngôi nhà cổ, mỗi phố gắn liền với một nghề truyền thống như Hàng Bạc (bạc), Hàng Đào (lụa), Hàng Mã (đồ trang trí)...và những món ăn truyền thống như phở, bún chả, bánh cuốn.","Phố cổ Hà Nội là trái tim văn hóa và lịch sử của Thủ đô, nằm quanh khu vực hồ Hoàn Kiếm, nơi vẫn lưu giữ được nét kiến trúc cổ kính và lối sống đặc trưng của người Hà Nội xưa.",Địa điểm,dễ,Mô tả,https://www.traveloka.com/vi-vn/explore/tips/kinh-nghiem-du-lich-ha-noi-tu-a-den-z/58337,16/04/2025
HN051,Tôi nên tham quan Hồ Gươm vào thời gian nào trong ngày?,Buổi sáng sớm hoặc chiều tối là đẹp nhất,"Thời điểm này có thể đi dạo quanh hồ, ngắm Tháp Rùa, cầu Thê Húc và ghé quán cà phê ven hồ để ngắm phố.",Trải nghiệm du lịch,dễ,gợi ý,https://smiletravel.com.vn/tong-hop-kinh-nghiem-tham-quan-ho-guom-ha-noi/?,11/3/2025
HN052,Gia đình có trẻ nhỏ nên đi đâu chơi?,VinKE & Thủy cung Times City. Thủy cung Lotte World. VinWonders Hà Nội Water Park là những địa điểm vui chơi nổi tiếng,Các điểm đều kết hợp học – chơi – khám phá.,Trải nghiệm du lịch,dễ,danh sách,https://www.vietravel.com/vn/am-thuc-kham-pha/khu-vui-choi-giai-tri-o-ha-noi-danh-cho-tre-em-v17052.aspx?,28/04/2025
HN053,"Nếu chỉ có 1 ngày ở Hà Nội, nên đi những đâu là hợp lý nhất?","Sáng thăm Lăng Bác – Chùa Một Cột, trưa ăn bún chả, chiều dạo phố cổ – hồ Hoàn Kiếm, tối ngồi cà phê trứng ngắm phố.","Lịch trình 1 ngày lý tưởng cho du khách lần đầu đến Hà Nội, giúp bạn trải nghiệm trọn vẹn văn hóa – ẩm thực – nhịp sống của Thủ đô trong thời gian ngắn.",Lập kế hoạch,trung bình,lịch trình,https://motogo.vn/du-lich-ha-noi-nen-an-gi/,2/6/2025
HN054,Buổi chiều nên ăn gì ở Tây Hồ ?,"Bánh tôm Hồ Tây – đặc sản trứ danh, giòn rụm, chấm nước mắm chua ngọt, ăn kèm rau sống. Quán nổi tiếng: Bánh Tôm Hồ Tây – số 1 Thanh Niên. Phở cuốn Ngũ Xã – món ăn nhẹ buổi chiều với phở cuốn thịt bò, chấm nước mắm tỏi ớt. Chè hoặc kem Hồ Tây – nếu thích đồ ngọt, như kem Tràng Tiền ven hồ, vừa mát vừa chill.","Hồ Tây vào buổi chiều, phù hợp để kết hợp vừa ăn vừa ngắm hoàng hôn.",Món ăn đặc sản,dễ,danh sách,https://motogo.vn/du-lich-ha-noi-nen-an-gi/,2/6/2025
HN055,Những món ăn ở Hà Nội nhất định phải thử ?,"Nhất định không thể bỏ qua các món như Phở,  Bún chả, Bún thang, Bún đậu mắm tôm, Cốm Làng Vòng.","Hà Nội nổi tiếng với nền ẩm thực phong phú, với nhiều món ăn ngon và độc đáo. ",Món ăn đặc sản,dễ,danh sách,https://www.vietnamairlines.com/it/vi/useful-information/travel-guide/kinh-nghiem-du-lich-ha-noi,12/6/2025
HN056,So sánh nhanh : Buổi trưa nên ăn bánh tôm hay bún chả ?,"Bún chả  nếu muốn no bụng hơn vì nó là món chính với đầy đủ bún, thịt nướng, rau sống. Nếu muốn món nhẹ hơn, ít thịt hơn,  thì bánh tôm là lựa chọn rất thú vị: món chiên giòn, nhân tôm và thường ăn kèm rau sống, nước chấm.",Bún chả thích hợp làm bữa chính hơn bánh tôm ,Trải nghiệm đặc sản,trung bình,so sánh,,
HN057,Giá vé tham quan Hoàng Thành Thăng Long là bao nhiêu ?,"Người lớn: 100.000 đồng/lượt. Học sinh, sinh viên, người cao tuổi, người khuyết tật là 50.000 đồng/lượt. Miễn phí cho trẻ em dưới 16 tuổi và người có công với cách mạng.",Giá vé tham quan dựa vào nhiều yếu tố khác nhau ,Trải nghiệm du lịch,dễ,giá trị,,
HN058,Ở Hà Nội có những quán bún chả nổi tiếng nào?,"Bún chả Hương Liên (24 Lê Văn Hưu) – quán Tổng thống Obama từng ăn. Bún chả Tuyết 34 (Hàng Than) – lâu đời, nước chấm đậm vị. Bún chả Đắc Kim (1 Hàng Mành) – đắt nhưng chất lượng tuyệt hảo. Bún chả Ta (21 Nguyễn Hữu Huân) – đạt danh hiệu Bib Gourmand Michelin 2024. Bún chả ngõ 74 Hàng Quạt – đậm đà, dân dã, chuẩn vị xưa.","Hà Nội nổi tiếng với bún chả thơm ngon, khi thịt vừa nướng xong, còn nóng hổi, hương thơm lan tỏa khắp phố phường.",Món ăn đặc sản,dễ,danh sách,,
HN059,Tháng nào ở Hà Nội có nhiều hoa nhất?,Hoa đào (tháng 1) Hoa ban (tháng 2) Hoa sưa (tháng 3) Hoa sen (mùa hè) Hoa sữa (tháng 9–10) Cúc họa mi (tháng 10–12),Hà Nội với rất nhiều loại họa nở vào các tháng khác nhau trong năm,Trải nghiệm du lịch,dễ,danh sách,https://www.traveloka.com/vi-vn/explore/tips/kinh-nghiem-du-lich-ha-noi-tu-a-den-z/58336,16/04/2025
HN060,Bún Thang Hà Nội được ăn cùng gì ?,"Bún thang thường được ăn cùng bằng tôm khô, thịt gà xé phay, giò lụa, trứng rán, củ cải dầm, trứng muối. Cùng đó là nước dùng đậm đà, ngọt đặc trưng được làm từ xương gà hoặc xương lợn và tôm he ninh nhừ sau nhiều giờ.","Bún thang là một món ăn được đánh giá cao về chất lượng cũng như hình thức, bún thang khiến du khách không thể không dùng thử khi đặt chân đến vùng đất thủ đô.",Món ăn đặc sản,dễ,mô tả,,
HN061,So sánh nhanh : Buổi chiều nên đi Hồ Tây hay hồ Hoàn Kiếm ?,"Chọn Hồ Tây nếu muốn ngắm hoàng hôn và ngồi cà phê thư giãn, ít đông. Chọn Hồ Hoàn Kiếm nếu muốn không khí sôi động ,Dạo quanh hồ, ghé đền Ngọc Sơn, cầu Thê Húc, hưởng thức kem Tràng Tiền, cà phê phố cổ, chè, bánh ngọt gần hồ.","Hồ Tây với không gian: Rộng, thoáng, gió mát, có nhiều góc ngắm hoàng hôn cực đẹp.Hồ Hoàn Kiếm với không gian: Trung tâm thành phố, gần phố cổ, đông vui và rực rỡ ánh đèn vào chiều tối.",Điểm đến,trung bình,so sánh,,
HN062,"Ở Hà Nội,có những quán phở nào nổi tiếng ?","Phở Thìn Lò Đúc, phở Bát Đàn, phở Lý Quốc Sư, phở Gánh Hàng Chiếu, phở Sướng","Phở Hà Nội nước dùng trong, thanh, đậm đà.",Món ăn đặc sản,dễ,danh sách,,
HN063,Khách sạn nào gần nhiều địa điểm du lịch nổi tiếng nhất ?,"Khách sạn Hotel de l’Opera – MGallery Hanoi nằm ngay số 29 Tràng Tiền, quận Hoàn Kiếm","Khách sạn có vị trí được coi là “trái tim của Hà Nội”, nên từ đây bạn có thể đi bộ hoặc di chuyển vài phút là đến hàng loạt điểm du lịch nổi tiếng như hồ Hoàn Kiếm, nhà Hát lớn, phố Cổ, nhà Thờ lớn...",khách sạn nổi bật,dễ,gợi ý,,
HN064,Gợi ý một số quán Hồ Tây view đẹp ?,"Một số gợi ý nổi bật gồm Uptown Terrace (11 Nguyễn Đình Thi) với tầm nhìn rộng ra mặt hồ, 6 Degrees (189 Nghi Tàm) sang trọng, lý tưởng cho buổi tối, và Santorini Vibes (181 Nhật Chiêu) mang phong cách Địa Trung Hải trẻ trung, rực rỡ","Nếu bạn đang tìm một địa điểm để thư giãn, ngắm hoàng hôn và tận hưởng không khí trong lành ở Hà Nội, thì khu vực Hồ Tây chính là lựa chọn lý tưởng. Nơi đây tập trung nhiều quán cà phê có view hồ cực đẹp, phù hợp cho những buổi hẹn nhẹ nhàng hoặc chụp ảnh sống ảo.",Quán ăn nổi tiếng,dễ,gợi ý ,,
HN065,Các khách sạn 5 sao nổi tiếng ở Hoàn Kiếm ?,"Sofitel Legend Metropole Hanoi với kiến trúc Pháp cổ điển mang đậm dấu ấn lịch sử, Capella Hanoi mang phong cách boutique tinh tế và dịch vụ đẳng cấp, cùng Hotel de l’Opera Hanoi – MGallery hiện đại, lấy cảm hứng từ Nhà hát Lớn.","Khu vực Hoàn Kiếm là nơi tập trung nhiều khách sạn 5 sao nổi tiếng, thuận tiện cho việc tham quan và nghỉ dưỡng.",khách sạn nổi bật,dễ,danh sách,https://toplist.vn/top-list/khach-san-5-sao-noi-tieng-nhat-quan-hoan-kiem-ha-noi-35509.htm?utm_source=chatgpt.com,
HN066,Phở Hà Nội khác phở ở Sài Gòn chỗ nào ?,"Phở Hà Nội thường có nước dùng trong, vị thanh nhẹ và ít ngọt, ăn kèm hành lá và chanh ớt. Còn phở Sài Gòn thì ngọt hơn, có thêm giá, rau thơm và tương đen, tương ớt riêng.",Phở Hà Nội mang đậm chất vị truyền thống,Trải nghiệm ẩm thực,trung bình,so sánh,,
HN067,Hoàng thành Thăng Long có phù hợp để đưa trẻ nhỏ đi tham quan không?,"Có, nơi đây có không gian mở, an toàn, giúp trẻ làm quen với lịch sử một cách gần gũi và sinh động.",Hoàng thành Thăng Long - Quần thể công trình kiến trúc đồ sộ xây dựng trong nhiều giai đoạn lịch sử nên rất phù hợp cho trẻ nhỏ,Trải nghiệm du lịch,dễ,gợi ý,https://dulichvietnam.com.vn/kinh-nghiem-di-hoang-thanh-thang-long.html?,25/04/2025
HN068,"Khi ăn bún chả, nên ăn kèm gì ?","Nên ăn kèm rau sống tươi (xà lách, húng quế, tía tô, kinh giới…), dưa góp cà rốt – đu đủ, và nem rán.","Bún chả nổi tiếng với các quán ăn và nhà hàng, mang hương vị chua thanh nhẹ hòa quyện vị béo của thịt nướng tạo nên hương vị rất hài hòa.",Trải nghiệm ẩm thực,dễ,gợi ý,,
HN069,Nên đi Hồ Tây vào thời gian nào để ít đông ?,"Thời điểm lý tưởng nhất là buổi sáng sớm trong các ngày trong tuần, nên tránh đi vào cuối tuần và khung giờ 17h – 19h, vì đây là lúc Hồ Tây thường đông đúc nhất với nhiều người dân và du khách tụ tập ngắm hoàng hôn.",Tận hưởng không gian yên tĩnh và tránh đông người khi đến Hồ Tây,Điểm đến,dễ,mẹo thời gian,,
HN070,Cháo sườn truyền thống Hà Nội khác gì cháo sườn bình thường ?,"Cháo sườn truyền thống Hà Nội được nấu từ gạo xay nhuyễn, sườn non hầm kỹ cho vị ngọt thanh và cháo sánh mịn, thường ăn kèm ruốc và quẩy giòn. Cháo sườn bình thường thường nấu hạt gạo nguyên, loãng hơn và nêm đậm vị hơn.","Cháo sườn Hà Nội: Vị thanh nhẹ, béo ngậy tự nhiên từ xương và gạo.",Món ăn đặc sản,trung bình,so sánh,https://laodong.vn/du-lich/am-thuc/quan-tao-pho-30-nam-trong-nha-tho-to-o-ha-noi-ngay-ban-ca-tram-lit-1582486.html,
HN071,Hà Nội có chỗ nào để picnic không ?,"Công viên Yên Sở (Phường Yên Sở, Hoàng Mai), Bãi đá sông Hồng (ngõ 264 Âu Cơ, Nhật Tân, Tây Hồ) , Làng Văn hóa các Dân tộc Việt Nam (Đồng Mô, Sơn Tây) — Cách khoảng 40 km từ trung tâm Hà Nội.","Là những địa điểm diện tích rộng với thảm cỏ lớn và nhiều cây xanh, rất phù hợp để trải thảm, mang đồ ăn nhẹ, thư giãn và chụp ảnh.",Điểm đến,dễ,danh sách,,
HN072,Có món phở nào đặc biệt hơn phở nước truyền thống không?,Có thể thử phở sốt vang ở Phở Gốc Gạo (Ngọc Hà) . Hoặc phở xào bắp bò Thanh Béo .,"Thịt bò ninh mềm, nước sốt sánh mịn,đậm đà.",Trải nghiệm ẩm thực,dễ,danh sách,,
HN073,Những lưu ý lần đầu tham gia tour đêm Hoàng Thành Thăng Long ?,"Trang phục lịch sự, quần áo, giày dép thoải mái thuận tiện cho việc đi bộ nhiều.Chương trình khởi hành đúng giờ, các bạn vui lòng có mặt trước 15 phút tại cổng Hoàng thành Thăng Long 19C Hoàng Diệu.Khu di sản rất rộng, các hoạt động liên tục diễn ra nên các bạn cố gắng bám sát, đi theo hướng dẫn viên của đoàn mình.",Những lưu ý khi tham quan,Trải nghiệm du lịch,dễ,gợi ý,https://tauvinhhalong.com/hoang-thanh-thang-long/?,4/3/2025
HN074,Ở Hà Nội có quán tào phớ nào lâu đời không ?,"Quán tào phớ Yên Hòa – một trong những quán tào phớ lâu đời và nổi tiếng nhất Hà Nội, đã tồn tại gần 30 năm.","Quán tào phớ của bà Vũ Thị Chiến mở từ năm 1995, ban đầu chỉ là gánh hàng rong. Nhờ bí quyết nấu tào phớ mịn, thơm hương hoa nhài và nước đường thủ công, quán dần trở thành địa chỉ quen thuộc của nhiều thế hệ học sinh và người dân khu Yên Hòa.",Quán ăn nổi tiếng,dễ,gợi ý ,https://laodong.vn/du-lich/am-thuc/quan-tao-pho-30-nam-trong-nha-tho-to-o-ha-noi-ngay-ban-ca-tram-lit-1582486.html,
HN075,Xôi xéo Hà Nội khác gì với xôi thông thường ?,"Điểm khác biệt nằm ở màu vàng óng của gạo nếp nấu cùng nghệ và lát đậu xanh được giã nhuyễn, đặt lên trên, ăn kèm hành phi giòn thơm và ruốc bông. Các loại xôi thông thường thường chỉ nấu với đậu, lạc hay gấc.","Xôi xéo là một món ăn sáng đặc trưng của người Hà Nội, mang hương vị riêng không thể nhầm lẫn với các loại xôi thông thường.",Món ăn đặc sản,trung bình,so sánh,https://vnexpress.net/,
HN076,Top 5 điểm đến không nên bỏ lỡ khi tới Hà Nội ?,"Hồ Hoàn Kiếm, Lăng Chủ tịch Hồ Chí Minh, Phố cổ Hà Nội, Nhà tù Hỏa Lò, Hồ Tây là những địa điểm bạn không nên bỏ lỡ",Đây là những địa điểm nổi tiếng được đông đảo khách du lịch ghé thăm.,Điểm đến,dễ,danh sách,,
HN077,"Nếu tôi thích thời tiết se lạnh, nên đi Hà Nội khi nào?","Nên đến Hà Nội vào mùa thu- đầu mùa đông. Lúc đó buổi sáng và tối hơi lạnh, thích hợp để cảm nhận không khí đặc trưng của miền Bắc.",Thời điểm du lịch lý tưởng để có trải nghiệm trọn vẹn,Trải nghiệm du lịch,dễ,thời gian,https://vinwonders.com/vi/wonderpedia/news/khi-hau-ha-noi/?,17/08/2025
HN078,"Bánh cuốn truyền thống ở Hà Nội, nên ăn ở đâu?","Bánh cuốn Bà Hoành (66 Tô Hiến Thành, Hoàn Kiếm) - Bánh cuốn mỏng, trắng tinh, hành phi thơm, ăn kèm chả quế, ruốc tôm, nước chấm đậm đà.","Quán lâu đời, mộc mạc, giản dị, gắn liền với nhiều thế hệ người Hà Nội.",Quán ăn nổi tiếng,dễ,gợi ý,,
HN079,"Giữa Hồ Tây và Hồ Hoàn Kiếm, nên chọn nơi nào để dạo ngắm cảnh buổi tối?","Nếu thích không khí sôi động, nhiều người qua lại thì Hồ Hoàn Kiếm là lựa chọn lý tưởng — đặc biệt vào cuối tuần, phố đi bộ mở cửa. Còn nếu thích yên bình, gió mát và cảnh lãng mạn, Hồ Tây là nơi tuyệt vời để ngồi cà phê ngắm hồ.","Dành cho du khách lần đầu đến Hà Nội, đang phân vân chọn điểm dạo buổi tối.",Trải nghiệm du lịch,trung bình,so sánh,,
HN080,"Khi đến Hà Nội, có nên ghé thăm Nhà tù Hỏa Lò không?","Có, bạn rất nên ghé thăm Nhà tù Hỏa Lò (số 1 phố Hỏa Lò, quận Hoàn Kiếm)","Nhà tù Hỏa Lò di tích lịch sử đặc biệt ghi dấu thời kỳ đấu tranh chống thực dân Pháp và Chiến tranh Việt Nam. Nơi đây từng giam giữ nhiều chiến sĩ cách mạng Việt Nam, sau này là tù binh phi công Mỹ — trong đó có Thượng nghị sĩ John McCain.",Địa điểm,dễ,gợi ý,https://bvhttdl.gov.vn/tim-kiem.htm?s=Nh%C3%A0%20t%C3%B9%20h%E1%BB%8Fa%20l%C3%B2,
HN081,Thời gian mở cửa tham quan Hoàng Thành Thăng Long như thế nào?,Mở cửa mỗi ngày từ 8h đến 17h,Hoàng Thành Thăng Long mở cửa tất cả các ngày trong tuần,Trải nghiệm du lịch,dễ,Thời gian,,
HN082,Chi phí ước chừng du lịch Hà Nội 3 ngày 2 đêm là bao nhiêu ?,Tổng chi phí cho chuyến du lịch Hà Nội 3 ngày 2 đêm sẽ dao động từ 3.000.000 VND đến 5.000.000 VND/người. ,"Chi phí du lịch Hà Nội dựa nhu cầu về phương tiện di chuyển, nhu cầu chỗ ở, ăn uống và mua sắm của mỗi người.",Trải nghiệm du lịch,dễ,giá trị,https://www.klook.com/vi/blog/kinh-nghiem-du-lich-ha-noi-3-ngay-2-dem/?,11/9/2025
HN083,Tôi muốn trải nghiệm trò chơi vận động ở Hà Nội thì nên đi đâu?,"Hãy thử Jump Arena – khu vui chơi bạt nhún nổi tiếng với nhiều trò vận động như nhảy tự do, leo núi, đu dây, ninja challenge.","Muốn vui chơi thể thao năng động, trong nhà.",Địa điểm,dễ,gợi ý,,
HN084,Ở Hà Nội nên chọn khách sạn khu vực nào tiện tham quan?,"Nên chọn khu Hoàn Kiếm, Phố Cổ hoặc gần Hồ Gươm.","Ở đây gần các điểm du lịch, ăn uống và đi lại rất thuận tiện.",Trải nghiệm du lịch,dễ,gợi ý,https://www.vietnambooking.com/du-lich/trai-nghiem/du-lich-ha-noi-sieu-chi-tiet-tu-a-den-z.html,
HN085,Con đường Đạo học” ở Ô Diên có gì đặc sắc?,"Con đường Đạo học” đưa du khách đến vùng đất cổ Ô Diên – quê hương danh nhân Tô Hiến Thành. Được tham quan đình Vạn Xuân – có kiến trúc “nội công ngoại quốc” hiếm thấy, và chùa Hải Giác cổ kính với hơn 200 pho tượng cổ.","Dành cho khách muốn tìm hiểu chiều sâu văn hóa – lịch sử, yêu thích không gian tĩnh lặng, cổ kính. Rất phù hợp cho các nhóm du lịch văn hóa, giáo dục, hoặc du khách trung niên.",Trải nghiệm du lịch,dễ,mô tả,https://nhandan.vn/kham-pha-nhung-tuyen-du-lich-ngoai-thanh-moi-cua-ha-noi-post919497.html,31/10/2025
HN086,Thành Cổ Loa được xây dựng như thế nào và có gì đặc biệt trong cấu trúc?,"Thành Cổ Loa gồm 3 vòng thành uốn lượn, có chu vi tới 8 km. Các bức tường thành được đắp bằng đất, xen lẫn đá và gốm vỡ, tạo độ vững chắc và chống sụt lở.","Tương truyền có 9 vòng thành xoáy trôn ốc, nhưng khảo cổ xác nhận còn lại 3 vòng chính: thành ngoại, thành trung và thành nội.",Địa điểm,dễ,mô tả,,
HN087,Giá vé tour đêm của Hoàng Thành Thăng Long là bao nhiêu ?,Giá tour: 300k/người lớn.Trẻ em dưới 12 tuổi giảm 50%. Trẻ em dưới 5 tuổi miễn phí.,Giá tour đêm Hoàng Thành Thăng Long dựa vào độ tuổi của từng người,Trải nghiệm du lịch,dễ,Thời gian,https://crystalbay.com/45-trai-nghiem-tour-dem-hoang-thanh-thang-long-ve-dep-day-moi-la-cua-diem-den-noi-tieng-ha-noi-n54462.html,11/1/2025
HN088,Nhà nghỉ giá rẻ ở Hà Nội Khoảng bao nhiêu tiền một đêm ?,"Nhà nghỉ bình dân: chi phí từ 250.000 VND/đêm, có đầy đủ các tiện nghi cơ bản và nằm trong trung tâm thành phố.","Hiện nay Hà Nội có rất nhiều nhà nghỉ bình dân, phù hợp với tất cả mọi người du lịch.",Trải nghiệm du lịch,dễ,giá trị,,
HN089,"Nếu muốn thử các món ăn Tây Bắc ở Hà Nội , nên đi quán nào ?","Bạn có thể tới Nhà hàng Chợ tình Sapa (Số 1 Quan Nhân, Thanh Xuân).","Nhà hàng nằm tại vị trí trung tâm Hà Nội, được ví như Sapa thu nhỏ giữa lòng thủ đô. Không gian bốn tầng, decor đậm chất núi rừng Tây Bắc, có khu vực ngồi bên suối, cây cối và bàn bệt độc đáo.",Quán ăn nổi tiếng,dễ,gợi ý,,
HN090,"Muốn chụp ảnh đẹp kiểu Hàn Quốc, nên đi đâu ở Hà Nội?","Có thể tới Phim trường Santorini Park – nơi có phong cách kiến trúc trắng – xanh Địa Trung Hải, cực hợp chụp ảnh.","Du khách thích chụp ảnh sống ảo, cần bối cảnh đẹp, ánh sáng tự nhiên, dễ tạo dáng.",Địa điểm,dễ,gơi ý,https://dulich9.com/nhung-dia-diem-vui-choi-hap-dan-khi-du-lich-ha-noi.html,
HN091,Phở gà Nguyệt có gì đặc biệt mà khiến nhiều du khách yêu thích?,"Phở gà Nguyệt trên đường Phủ Doãn nổi tiếng với nước dùng trong, thanh ngọt và thơm mùi gà hầm, bánh phở mềm mịn và thịt gà được chế biến kỹ lưỡng, không bị dai. Không gian ấm cúng, mang nét phở Hà Nội xưa nên được cả người dân và khách du lịch đánh giá cao.","Du khách muốn thưởng thức phở gà truyền thống Hà Nội với hương vị nguyên bản, không pha trộn,",Món ăn đặc sản,dễ,mô tả,https://thanhnien.vn/thoi-trang-tre/nhung-quan-pho-ga-tai-ha-noi-gay-thuong-nho-185240705171037391.htm,
HN092,"“Sắc hoa Tường Phiêu” là gì, có gì hấp dẫn du khách?","“Sắc hoa Tường Phiêu” là tuyến du lịch kết hợp tham quan và trải nghiệm vùng trồng hoa nổi tiếng tại xã Phúc Thọ. Du khách có thể check-in giữa cánh đồng hoa rực rỡ bên sông Tích, ghé thăm đình Tường Phiêu ","Phù hợp với những ai yêu thiên nhiên, thích chụp ảnh và khám phá không gian làng quê thanh bình của Hà Nội. Đây là điểm đến lý tưởng vào mùa hoa (từ tháng 10 đến tháng 2 năm sau).",Trải nghiệm du lịch,trung bình,mô tả ,https://nhandan.vn/kham-pha-nhung-tuyen-du-lich-ngoai-thanh-moi-cua-ha-noi-post919497.html,31/10/2025
HN093,Hoàng thành Thăng Long có tour đêm không và mở cửa vào thời gian nào ?," Có, từ 19h ngày thứ Sáu, Thứ Bảy hàng tuần. Chương trình tour kéo dài khoảng 1,5 giờ.",Hoàng Thành Thăng Long có tour đêm cho du khách và được tham quan nhiều địa điểm nổi bật,Trải nghiệm du lịch,dễ,thời gian,,15/05/2025
HN094,Chùa Một Cột có gì đặc biệt ?,"Chùa Một Cột được xây dựng năm 1049, có kiến trúc độc đáo hình bông sen nở giữa hồ nước, tượng trưng cho sự thanh khiết. Đây là công trình được công nhận “Ngôi chùa có kiến trúc độc đáo nhất châu Á",Chùa Một Cột thường được khách đến cầu bình an và chụp ảnh lưu niệm.,Trải nghiệm du lịch,dễ,mô tả,https://thanhnien.vn/thoi-trang-tre/diem-check-in-nhin-qua-la-biet-chuan-ha-noi-185231205124836365.htm,
HN095,Hà Nội có hoạt động đêm nào đáng thử nhất?,"Dạo phố đi bộ Hồ Gươm vào tối thứ Sáu – Chủ nhật, hoặc ghé phố Tạ Hiện để trải nghiệm “Hà Nội không ngủ” với bia hơi, nhạc sống và đồ ăn đường phố. Ngoài ra, tour đêm Hoàng thành Thăng Long cũng rất đặc sắc, giúp bạn khám phá lịch sử qua ánh đèn lung linh.","Trải nghiệm ban đêm, văn hóa và giải trí Hà Nội.",Trải nghiệm du lịch,dễ,danh sách,,
HN096,Phở gà Huyền Hương nổi tiếng ở điểm gì khác so với các quán phở khác ở Hà Nội?,"Phở gà Huyền Hương gây ấn tượng với nước dùng đậm đà, ngọt từ xương gà và gia vị tự nhiên, cùng bánh phở mỏng dai và thịt gà ngọt mềm. Không gian quán đơn giản, gần gũi, mang nét bình dị của ẩm thực phố Hà Nội.","Du khách muốn trải nghiệm quán ăn địa phương quen thuộc, không quá đông khách du lịch.",Món ăn đặc sản,trung bình,so sánh,https://thanhnien.vn/thoi-trang-tre/nhung-quan-pho-ga-tai-ha-noi-gay-thuong-nho-185240705171037391.htm,
HN097,"Muốn tìm hiểu văn hóa, lịch sử Hà Nội thì nên đi đâu?","Nên đến Văn Miếu Quốc Tử Giám, Hoàng thành Thăng Long và Bảo tàng Lịch sử Quốc gia",Đây là những nơi lưu giữ tinh hoa nghìn năm của thủ đô.,Địa điểm,dễ,danh sách,,
HN098,Giá vé tham quan Nhà tù Hỏa Lò là bao nhiêu?,"Giá vé tham quan: 40.000 đồng/người lớn, 20.000 đồng/trẻ em (6 – 16 tuổi), miễn phí cho trẻ em dưới 6 tuổi, khuyết tật, người trên 80 tuổi.","Di tích nhà tù Hỏa Lò là minh chứng cho sự kiên cường, bất khuất của nhân dân ta trong cuộc kháng chiến chống thực dân Pháp.",Trải nghiệm du lịch,dễ,giá trị,https://thuvienphapluat.vn/phap-luat-nha-dat/gia-ve-tham-quan-nha-tu-hoa-lo-cach-di-chuyen-den-nha-tu-hoa-lo-2919.html#gia-ve-tham-quan-nha-tu-hoa-lo-0,
HN099,Nhà tù Hỏa Lò mở cửa vào thời gian nào?,"Nhà tù Hỏa Lò mở cửa đón khách từ 8h00 đến 17h00 hàng ngày, kể cả cuối tuần và ngày lễ.",Du khách có thể tham quan khoảng 1–2 tiếng để tìm hiểu trọn vẹn lịch sử và các khu trưng bày,Trải nghiệm du lịch,dễ,thời gian,https://vinpearl.com/en,
HN100, Lộ trình tham quan Hoàng Thành Thăng Long như thế nào ?,"Lộ trình tham quan: Đón khách tại cổng Hoàng thành 19c Hoàng Diệu – Chụp ảnh check in tại Đoan Môn – Xem biểu diễn nghệ thuật trên sàn kính khảo cổ Đoan Môn –  Tham quan phòng trưng bày hiện vật –  Dâng hương tưởng nhớ các bậc tiên đế tại Điện Kính Thiên – Tham quan các dấu tích khảo cổ tại 18 Hoàng Diệu – Trải nghiệm nước giếng hoàng cung – Giải mã hiện vật bằng ánh sáng laze – Thư giãn, thưởng thức trà sen, mứt sen cung đình dưới bóng cây bồ đề.","Tour đêm Hoàng Thành Thăng Long phù hợp để tham quan, thư giãn và trải nghiệm",Trải nghiệm du lịch,trung bình,hướng dẫn du lịch,,
HN101,Nên đi tuyến du lịch ngoại thành Hà Nội nào vào dịp cuối tuần?,"Nếu muốn chụp ảnh và ngắm cảnh đẹp, hãy chọn “Sắc hoa Tường Phiêu”.Nếu thích khám phá văn hóa làng nghề, hãy chọn “Con đường di sản Nam Thăng Long – Tinh hoa làng nghề Việt”.Còn nếu yêu thích lịch sử và kiến trúc cổ, thì “Con đường Đạo học” là lựa chọn tuyệt vời.","Phù hợp cho khách nội địa hoặc du khách quốc tế muốn trải nghiệm Hà Nội sâu sắc hơn ngoài khu phố cổ. Các tuyến này đều chỉ cách trung tâm khoảng 20–30km, thuận tiện di chuyển bằng ô tô hoặc xe máy.",Trải nghiệm du lịch,dễ,gợi ý,https://nhandan.vn/kham-pha-nhung-tuyen-du-lich-ngoai-thanh-moi-cua-ha-noi-post919497.html,30/10/2025
HN102,Điểm độc đáo của phở gà Châm trên phố Yên Ninh là gì?,"Phở gà Châm được biết đến là một trong những quán phở lâu đời nhất ở Hà Nội, có nước dùng đậm đà, hương gà rõ vị, và thịt gà tươi được chọn lọc kỹ. Đặc biệt, quán phục vụ thêm lòng gà, mề, tràng trộn phở, mang lại trải nghiệm phong phú hơn cho thực khách.","Ảnh bát phở gà lòng, đĩa gà xé nhỏ và nước dùng trong vàng hấp dẫn.",Món ăn đặc sản,dễ,mô tả,https://thanhnien.vn/thoi-trang-tre/nhung-quan-pho-ga-tai-ha-noi-gay-thuong-nho-185240705171037391.htm,
HN103,Khu vực Cầu Giấy có những khách sạn 3 sao nào nổi bật ?,"Le Grand Hanoi Hotel – The Oriental: sang trọng, gần Văn Miếu và Chùa Một Cột. Jeju Hotel Ha Noi: phong cách Hàn Quốc độc đáo, phù hợp cặp đôi trẻ. Nature Hotel Ha Noi: phòng thoải mái, được đánh giá cao về dịch vụ.","Các khách sạn này đều có lễ tân 24/7, Wi-Fi miễn phí và bữa sáng tiện lợi.",khách sạn nổi bật,dễ,danh sách,https://mytour.vn/vi/blog/bai-viet/kham-pha-ngay-top-32-khach-san-3-sao-cau-giay-ha-noi.html,
HN104,Từ cầu Long Biên có thể ngắm được cảnh gì đẹp không?,"Có thể ngắm toàn cảnh sông Hồng, bãi giữa xanh mướt và xa xa là cầu Chương Dương. Rất nhiều người chọn nơi đây để ngắm hoàng hôn hoặc chụp ảnh kỷ niệm.","Lúc hoàng hôn, mặt trời đỏ rực lấp lánh trên mặt nước, phản chiếu lên khung thép cũ kỹ của cầu – tạo nên một bức tranh rất ""Hà Nội xưa"".",Địa điểm,dễ,mô tả,,
HN105,Nếu chỉ có nửa ngày buổi chiều ở Hà Nội  nên đi đâu ?,13h30 – 14h30: Tham quan Văn Miếu – Quốc Tử Giám. 14h45 – 15h45: Dạo quanh Hồ Hoàn Kiếm – Đền Ngọc Sơn. 16h00 – 16h45:  Thưởng thức cà phê trứng Giảng hoặc cà phê Đinh. 17h00 – 18h00:  Ăn tối nhẹ với đặc sản Hà Nội.,"Cảm nhận trọn vẹn nét đẹp và ẩm thực Hà Nội, các điểm đều nằm gần nhau quanh khu trung tâm, thuận tiện di chuyển.",Địa điểm,trung bình,lịch trình,,
HN106,Những lưu ý khi đi xe bus ở Hà Nội ?, Nắm rõ các tuyến xe buýt. Nắm rõ lộ trình di chuyển của các tuyến xe. Theo dõi thời gian xe chạy. Chuẩn bị tiền lẻ hoặc vé xe tháng trước khi lên xe buýt.  Đề phòng với người lạ. Bảo quản tài sản cẩn thận.,"Xe buýt hiện nay có mặt ở hầu hết các khu vực với số lượng lớn để đáp ứng đủ nhu cầu của người dân, vậy các bạn nên nắm chắc một vài kinh nghiệm đi xe buýt sau để có được chuyển đi tiết kiệm và thuận tiện nhất.",Phương tiện,trung bình,mẹo thực tế,https://www.kosshop.vn/t/kinh-nghiem-di-xe-buyt.html?utm_source=chatgpt.com,
HN107,"Nếu muốn thưởng thức phở gà truyền thống đúng vị Hà Nội, nên đến quán nào?","Bạn có thể ghé phở Thao – một địa chỉ quen thuộc với người Hà Nội lâu năm.Nước dùng trong, ngọt từ xương gà và thảo mộc, thịt gà tươi, ngọt và dai nhẹ, không gian thoáng mát, sạch sẽ.",Phở gà chuẩn vị cổ điển – không quá béo hay cầu kỳ.,Món ăn đặc sản,dễ,gợi ý,https://thanhnien.vn/thoi-trang-tre/nhung-quan-pho-ga-tai-ha-noi-gay-thuong-nho-185240705171037391.htm,
HN108,"Khi Hà Nội vào thu, nên đi đâu để cảm nhận trọn vẹn không khí mùa này?","Buổi chiều hoặc tối đầu mùa lạnh, hãy dạo quanh hồ Gươm, ghé nhà thờ Lớn, ngồi trà chanh hoặc ăn xôi cốm đầu mùa. Nếu muốn chụp ảnh, phố Tràng Tiền, Hàng Gai, hoặc con đường Thanh Niên ven Hồ Tây là lựa chọn lý tưởng.","Đây là lúc Hà Nội đẹp nhất trong năm – bầu trời trong, gió nhẹ, cây vàng lá, và lòng người cũng nhẹ tênh như chính không khí thu thủ đô.",Địa điểm,dễ,thời gian,,
HN109,Nếu muốn vừa đi chơi vừa mua sắm ở Hà Nội thì nên đến đâu?,"Nên ghé Aeon Mall hoặc Royal City. Cả hai đều có khu vui chơi, rạp chiếu phim, nhiều hàng quán và không gian check-in đẹp.","Muốn tìm nơi vừa có mua sắm, ăn uống, chụp ảnh đẹp và mát mẻ trong nhà.",Địa điểm,dễ,gợi ý,,
HN110,Thành Cổ Loa nằm ở đâu ?,"Thành Cổ Loa nằm tại xã Cổ Loa, huyện Đông Anh, Hà Nội, ở vị trí trung tâm của tam giác châu thổ sông Hồng.","Vào thời Âu Lạc, vị trí này được xem là ""nút vàng"" chiến lược — nối liền sông Hồng và sông Thái Bình, giúp thuyền bè đi khắp miền Bắc.",Địa điểm,dễ,vị trí,,
HN111,Gợi ý nhà hàng có phòng riêng sang trọng để tiếp khách ở Hà Nội ?,"GU Bistronomy là lựa chọn hàng đầu, có 5 phòng VIP và phòng tiệc “Piano” sang trọng, phục vụ tối đa 40 khách, phù hợp cho các buổi gặp mặt công ty hay đối tác.","Nhà hàng theo phong cách Pháp fusion, trang trí kiểu Âu cổ điển, sử dụng ly pha lê Riedel và dao dĩa Arthur Price, mang lại cảm giác chuyên nghiệp và đẳng cấp.",Nhà hàng nổi bật,dễ,gợi ý,https://gubistronomy.com/am-thuc/top-10-nha-hang-co-phong-rieng-sang-trong-o-ha-noi/,
HN112,Nhà hàng GU Bistronomy có phục vụ rượu vang không?,"Có, nhà hàng sở hữu bộ sưu tập hơn 1000 dòng vang nổi tiếng thế giới với nhiều mức giá khác nhau, phù hợp cho từng thực đơn và ngân sách.","Đây là nhà hàng có danh mục rượu vang tuyển chọn lớn nhất Hà Nội, giúp thực khách dễ dàng chọn lựa và kết hợp món ăn.",Nhà hàng nổi bật,dễ,mô tả,https://gubistronomy.com/am-thuc/top-10-nha-hang-co-phong-rieng-sang-trong-o-ha-noi/,
HN113,Có tour đêm tham quan Văn Miếu – Quốc Tử Giám không?,"Có. Có thể trải nghiệm tour đêm “Giải mã Văn Miếu – Quốc Tử Giám”, nơi ánh sáng và âm thanh tái hiện lịch sử thi cử Nho học xưa, giúp bạn cảm nhận sâu sắc hơn tinh hoa hiếu học Việt Nam.", Tour đêm đẹp hơn tour ngày. Có hướng dẫn viên thuyết trình miễn phí.,Địa điểm,dễ,mô tả,https://www.traveloka.com/vi-vn/activities/vietnam/product/temple-of-literature-by-night-in-hanoi-7309267331518,
HN114,Món ăn đặc trưng ở GU Bistronomy là gì?,"Nhà hàng phục vụ các món cao cấp như cua Cà Mau, cá tuyết Đại Tây Dương, bò Wagyu Úc, tôm hùm Canada và hàu Pháp.","Các món ăn được chế biến theo phong cách Pháp kết hợp nguyên liệu nhập khẩu, thể hiện sự tinh tế và tỉ mỉ trong từng chi tiết.",Nhà hàng nổi bật,dễ,mô tả,https://gubistronomy.com/am-thuc/top-10-nha-hang-co-phong-rieng-sang-trong-o-ha-noi/,
HN115,Một ngày ở Hà Nội nên đi những đâu ?,"Sáng ăn Phở Hà Nội, rồi đến Lăng Bác trước, vì lăng mở cửa vào buồi sáng. Tiếp đến đi Văn Miếu, trưa ăn bún chả hoặc bánh cuốn nóng trên phố cổ. Chiều dạo quanh hồ Hoàn Kiếm thưởng thức các món ăn vỉa hè. Khi mỏi chân có thể ghé thăm quán cafe để tận hưởng cảm giác nhìn phố phường Hà Nội . Tối đến bạn  thử ăn đồ nướng trên phố Hàng Bông, ăn ốc trên phố Đinh Liệt, nem chua rán ngõ Tạm Thương phố Hàng Bông. Trà đá chém gió trên phố Lý Thái Tổ.",Một ngày ở Hà Nội ,Trải nghiệm du lịch,trung bình,lịch trình,https://toidi.net/diem-den-trong-nuoc/mot-ngay-o-ha-noi-nen-di-nhung-dau.html,
HN116,Có thể đến Cổ Loa bằng phương tiện gì?,"Có thể đi xe máy, taxi, hoặc xe buýt. Đường đi thuận tiện, chỉ mất khoảng 30–40 phút từ trung tâm Hà Nội.","Đường tới Cổ Loa có nhiều ruộng lúa, làng quê, nên chuyến đi mang cảm giác vừa hoài cổ vừa thư giãn, rất phù hợp cho những ai muốn tạm rời sự ồn ào phố thị.",Phương tiện,dễ,gợi ý,https://www.traveloka.com/vi-vn/explore/destination/dia-diem-du-lich-o-ha-noi/58013,
HN117,Hồ Hoàn Kiếm có gì nổi tiếng nhất?,"Tháp Rùa giữa hồ, cùng cầu Thê Húc đỏ rực dẫn vào Đền Ngọc Sơn. Đây là biểu tượng gắn liền với truyền thuyết “Lê Lợi trả gươm thần”.","Buổi sáng có thể đi dạo quanh hồ, hít thở không khí trong lành, chụp ảnh cùng cụ Rùa – linh vật huyền thoại của Hà Nội.",Trải nghiệm du lịch,dễ,mô tả,,
HN118,Top 3 món ăn nên ăn vào thời tiết se lạnh ở Hà Nội ?,"Cháo sườn sụn – món ăn nóng, mềm, dễ ăn, thường ăn cùng quẩy. Thịt xiên nướng – được nướng trên than hoa, thơm lừng và cay nhẹ, rất hợp trong ngày lạnh. Ốc luộc – bát ốc nóng hổi, chấm mắm gừng, ớt, sả cay nồng khiến thực khách xuýt xoa trong trời rét.","Vào những ngày Hà Nội chìm trong không khí se lạnh hay mưa phùn lất phất, những món ăn nóng hổi sẽ xua tan cái lạnh và cảm nhận hương vị đặc trưng của mùa đông nơi đây.",Món ăn đặc sản,dễ,danh sách,,
HN119,"Nếu chỉ có 1 ngày tham quan Hà Nội, nên di chuyển bằng gì để tiết kiệm thời gian?","Kết hợp taxi, đi bộ hoặc xe đạp để di chuyển linh hoạt giữa các điểm du lịch trong khu vực trung tâm Hà Nội.","Với lịch trình dày đặc trong ngày, việc chọn phương tiện hợp lý giúp du khách tối ưu thời gian trải nghiệm nhiều điểm trong nội thành.",Phương tiện,trung bình,gợi ý,,
HN120,Gần Hồ Hoàn Kiếm có quán ăn hoặc quán cà phê nào không?,"Rất nhiều! Bạn có thể thử cà phê trứng Giảng, kem Tràng Tiền, hoặc ngồi trà chanh Nhà Thờ chỉ cách hồ vài phút đi bộ.",Ngồi cà phê ven hồ để ngắm dòng người qua lại và ánh đèn phản chiếu lung linh trên mặt nước buổi tối.,Quán ăn nổi tiếng,dễ,danh sách,,
HN121,Tôi có thể đi Vườn quốc gia Ba Vì trong bao lâu?,"Có thể đi trong 1 ngày, leo núi thăm đền Thượng, đền thờ Bác Hồ, rồi dừng chân tại Nhà thờ đổ và tận hưởng không khí mát lạnh của núi rừng.","Vườn quốc gia Ba Vì là điểm đến nổi tiếng cho người thích leo núi, khám phá thiên nhiên mà không cần đi xa.",Trải nghiệm du lịch,trung bình,gợi ý,https://toidi.net/diem-den-trong-nuoc/mot-ngay-o-ha-noi-nen-di-nhung-dau.html,
HN122,"Từ trung tâm Hà Nội, muốn đi làng nghề gần nhất thì nên đi đâu?","Nên đến Làng gốm Bát Tràng – chỉ cách trung tâm khoảng 13km, có thể đi xe máy hoặc bus số 47 từ Long Biên.",Du khách yêu thích văn hóa truyền thống thường tìm đến các làng nghề để tận mắt xem người dân làm việc thủ công.,,trung bình,gợi ý,,
HN123,Những trải nghiệm khi tới thành Cổ loa ?,"Tham quan tường thành cổ, hào nước, đền thờ An Dương Vương và bảo tàng Cổ Loa, nơi trưng bày nhiều hiện vật Đông Sơn quý hiếm.","Mỗi dịp 6 tháng Giêng âm lịch, người dân tổ chức lễ hội Cổ Loa tưởng nhớ công lao vua An Dương Vương – một trong những lễ hội lớn nhất miền Bắc.",Trải nghiệm du lịch,dễ,mô tả,,
HN124,Văn Miếu – Quốc Tử Giám nằm ở đâu?,"Văn Miếu – Quốc Tử Giám nằm tại số 58 phố Quốc Tử Giám, phường Văn Miếu, quận Đống Đa, Hà Nội, ngay trung tâm giữa bốn tuyến phố: Nguyễn Thái Học, Văn Miếu, Quốc Tử Giám và Tôn Đức Thắng.",Địa chỉ của Văn Miếu - Quốc tử giám,Điểm đến,dễ,địa chỉ,https://vinpearl.com/vi/van-mieu-quoc-tu-giam?utm_source=chatgpt.com,
HN125,Vào thời tiết se lạnh ở Hà Nội nên ăn gì?,"Nên ăn những món nóng hổi như: cháo sườn sụn, bánh đúc nóng, quẩy nóng, thịt xiên nướng, ốc luộc, lẩu ếch, lẩu cháo, nem chua rán, phở xào và bún sườn chua.","Những món này đều được chế biến nóng, có hương vị đậm đà, cay nhẹ, giúp làm ấm cơ thể trong những ngày se lạnh.",Món ăn đặc sản,dễ,danh sách,,
HN126,"Ở Hà Nội có nhà hàng steak nào view đẹp, sang trọng không?","Stellar Steakhouse ở tầng 62 Landmark 72 có view toàn cảnh thành phố về đêm, không gian riêng tư, rất lý tưởng cho buổi tối.","Nhà hàng mang phong cách steakhouse cao cấp, phục vụ bò lên tuổi, bò Wagyu thượng hạng và rượu vang tinh tuyển.",Món ăn đặc sản,dễ,gợi ý,,
HN127,"Một số nhà hàng steak sang trọng, view đẹp Hà Nội ?","Có thể tới Stellar Steakhouse, El Gaucho Argentinian Steakhouse, Moo Beef Steak","Đây là một số nhà hàng view đẹp , nổi tiếng ở Hà Nội",Nhà hàng nổi bật,dễ,danh sách,,
HN128,Có thể kết hợp Ba Vì với địa điểm nào khác không?,"Có thể đi Ba Vì buổi sáng, sau đó tham quan Làng cổ Đường Lâm buổi chiều – nơi có nhà cổ, đình làng và chùa Mía nổi tiếng.","Kết hợp chuyến đi núi rừng với khám phá văn hóa làng cổ, hai địa điểm gần nhau chỉ 30p đi xe.",Trải nghiệm du lịch,trung bình,gợi ý,,
HN129,Ở Bát Tràng có gì thú vị để tham quan?,"Có thể xem người dân làm gốm, thử nặn gốm, thăm Chợ Gốm, Đình Làng và những lò gốm ven sông Hồng.",Bát Tràng không chỉ mua gốm mà còn muốn trải nghiệm và tìm hiểu văn hóa làng nghề.,Trải nghiệm du lịch,dễ,giới thiệu,https://toidi.net/diem-den-trong-nuoc/mot-ngay-o-ha-noi-nen-di-nhung-dau.html,
HN130,Giờ mở cửa và giá vé vào Văn Miếu là bao nhiêu?,"Văn Miếu mở cửa tất cả các ngày trong tuần, từ 8h00 – 17h00.
Giá vé :Người lớn: 70.000 VNĐ. Học sinh, sinh viên Việt Nam (có thẻ): 35.000 VNĐ. Người khuyết tật nặng, người cao tuổi (trên 60 tuổi): 35.000 VNĐ. Trẻ em dưới 16 tuổi: Miễn phí","Thông tin giá vé tham quan. Giá vé được chia rõ theo đối tượng và có ưu đãi cho trẻ em, sinh viên.",Điểm đến,dễ,thời gian và giá trị,https://vinpearl.com/vi/van-mieu-quoc-tu-giam?utm_source=chatgpt.com,
HN131,Ở Hà Nội có thủy cung nào không ?,"Có. Thuỷ cung Lotte Tây Hồ Hà Nội ở 272 Võ Chí Công, Phường Tây Hồ, Thành phố Hà Nội","Thủy cung mở ra một hành trình kỳ thú, nơi du khách có thể chiêm ngưỡng hơn 30.000 sinh vật biển thuộc hàng trăm loài trong không gian đại dương sống động. ",Điểm đến,dễ,gợi ý,https://www.xanhsm.com/news/thuy-cung-lotte-tay-ho,
HN132,Thời gian mở cửa và giá vé vào thủy cung Lotte Tây Hồ như thế nào ?,"Mở cửa từ 9h30-22h các ngày trong tuần. Giá vé : từ thứ 2-6 trẻ em 190.000 đồng, người lớn 280.000 đồng ; thứ 7- chủ nhật-ngày lễ trẻ em 250.000 đồng,người lớn 350.000 đồng.", Giá vé vào thuỷ cung Lotte Tây Hồ dễ dàng tham khảo trước khi lên kế hoạch.Đối với khách nước ngoài giá sẽ khác,Điểm đến,dễ,thời gian và giá trị,https://www.xanhsm.com/news/thuy-cung-lotte-tay-ho,
HN133,Top 7 nhà hàng sang trọng hàng đầu ở Hà Nội ?,"Buffet Sứ - 64 Nguyễn Du, quận Hai Bà Trưng,  Ngọc Mai Vàng – TTTM Ruby Plaza, 44 Lê Ngọc Hân, quận Hai Bà Trưng,  Hải Sản - Lẩu Hơi Lã Vọng – 2A Nguyễn Thị Thập, quận Cầu Giấy,  Moo Beef Steak - Ngõ 113 Nguyễn Thị Định, quận Cầu Giấy, Buffet Sen Việt – 684 Minh Khai, quận Hai Bà Trưng,  Sứ Bia - 23 Nguyễn Đình Chiểu, Phường Nguyễn Du, quận Hai Bà Trưng, ,  Chuỗi Thế Giới Hải Sản - Vương quốc hải sản giữa trái tim Hà Nội","Top 7 nhà hàng sang trọng tại Hà Nội với phong cách phục vụ chuyên nghiệp, thực đơn ngon.",Nhà hàng nổi bật,dễ,danh sách,https://mytour.vn/vi/blog/am-thuc,
HN134,"Ngoài Bát Tràng, còn làng nghề nào khác đáng đi không?","Có, Làng lụa Vạn Phúc (Hà Đông) nổi tiếng với tơ tằm, hoặc Làng Chuông – nơi sản xuất nón lá truyền thống.",: Hà Nội có nhiều làng nghề truyền thống mang giá trị văn hóa đặc trưng của vùng đồng bằng Bắc Bộ.,Điểm đến,dễ,danh sách,,
HN135,"Khi đi làng lụa Vạn Phúc, có lưu ý gì không?","Nên chọn cửa hàng uy tín, có thể kết hợp đi chùa Trăm Gian, chùa Trầm gần đó để tham quan thêm.","Một số cửa hàng tại làng lụa trộn hàng kém chất lượng, cần chọn kỹ khi mua sắm.",,dễ,gợi ý,,
HN136,"Khi đến Hà Nội bằng máy bay, nên đi từ sân bay về trung tâm bằng phương tiện nào?","Có thể đặt taxi – hãng taxi công nghệ giá tốt, tài xế lịch sự, chuẩn giờ đón, có thể đặt qua website hoặc app của hãng.","Từ sân bay Nội Bài vào trung tâm Hà Nội khoảng 30km, nhiều du khách e ngại bị “chặt chém” hoặc khó gọi xe.",Phương tiện,dễ,gợi ý,https://toidi.net/diem-den-trong-nuoc/mot-ngay-o-ha-noi-nen-di-nhung-dau.html,
HN137,Gợi ý cho tôi 2 bảo tàng ở gần nhau ?,"Bảo tàng Mỹ thuật Việt Nam (66 Nguyễn Thái Học) và Bảo tàng Lịch sử Quân sự Việt Nam (28A Điện Biên Phủ). Hai địa điểm chỉ cách nhau 1km khoảng 10p phút đi bộ, rất thuận tiện cho một buổi sáng tham quan nghệ thuật và lịch sử.",Khách du lịch muốn tiết kiệm thời gian di chuyển giữa các điểm tham quan.,Điểm đến,trung bình,danh sách - tuyến tham quan,,
HN138,Mùa nào được xem là mùa đẹp nhất để chụp ảnh check-in ở Hà Nội?,Mùa thu là mùa đẹp nhất với hương hoa sữa và lá vàng rụng.,Lần đầu tìm hiểu về thời điểm du lịch Hà Nội.,Trải nghiệm du lịch,dễ,thời gian,https://wyndham-thanhthuy.com/dia-diem-chup-anh-dep-o-ha-noi/,
HN139,Hồ Tây có gì hấp dẫn vào buổi chiều?,Hồ Tây là nơi ngắm hoàng hôn đẹp nhất Hà Nội. Nhiều bạn trẻ thường chụp ảnh ở “gốc cây cô đơn” hay các quán cà phê ven hồ.,Buổi chiều ở Hồ tây có thể trải nghiệm thư giãn chiều muộn.,Trải nghiệm du lịch,dễ,giới thiệu,,
HN140,Phở cuốn Hà Nội có gì khác với phở nước thông thường?,"Phở cuốn không chan nước, dùng bánh phở cuộn thịt bò xào, rau sống và chấm với nước mắm tỏi ớt chua ngọt.","Khách du lịch muốn chọn món nhẹ, dễ ăn vào buổi tối.",Món ăn đặc sản,trung bình,so sánh,https://www.klook.com/vi/blog/mon-ngon-ha-noi/,
HN141,"Tôi muốn đi nghỉ dưỡng gần Hà Nội, có địa điểm nào phù hợp không?","Có thể chọn Tam Đảo (80km), Hồ Đại Lải (50km) hoặc các khu nghỉ dưỡng quanh núi Ba Vì như Đầm Long, Suối Tiên, Hồ Tiên Sa – đều có cảnh đẹp, dịch vụ đầy đủ.","Nhiều gia đình hoặc nhóm bạn muốn tìm nơi yên tĩnh, thoáng đãng để nghỉ dưỡng cuối tuần, cách trung tâm không quá xa.",Địa điểm,dễ,gợi ý,https://toidi.net/diem-den-trong-nuoc/mot-ngay-o-ha-noi-nen-di-nhung-dau.html,
HN142,Ba quán ăn tại khu vực trung tâm quận Hoàn Kiếm phù hợp ăn sáng - trưa - tối ?,"Sáng: Xôi Yến, Địa chỉ: 35B Nguyễn Hữu Huân, quận Hoàn Kiếm, Hà Nội. Trưa: Bún Chả Đắc Kim, Địa chỉ: 1 Hàng Mành, quận Hoàn Kiếm, Hà Nội. Tối: Bò Tơ Quán Mộc – Hoa Lư, Địa chỉ: Số 2 Hoa Lư, quận Hoàn Kiếm, Hà Nội.","Các quán gần nhau, thuận tiện trong một buổi sáng – trưa – tối. Mỗi quán có phong cách và món ăn khác nhau để bạn trải nghiệm đa dạng.",,trung bình,danh sách - tuyến ẩm thực,,
HN143,"Gợi ý một số nhà hàng lẩu ngon tại Phường Tây Hồ, Hà Nội ?","Lẩu cua đồng 685 - Khám Phá Sự Ngon Miệng của Lẩu Cua Đồng, Linh Nướng Lẩu Ếch - Khám Phá Sự Ngon Miệng của Lẩu Ếch, Cua Đồng Quán - Khám Phá Hương Vị Lẩu Cua Độc Đáo, Quán Quắn - Đặc Sắc với Lẩu Bò Chuyên Nghiệp, Kichi Kichi",Đây là top 5 quán lẩu ngon ở Tây Hồ,Nhà hàng nổi bật,dễ,danh sách,https://mytour.vn/vi/blog/am-thuc/top-5-nha-hang-lau-ngon-tai-phuong-tay-ho-ha-noi-mytour.html,
HN144,Buổi tối ở Hà Nội nên ăn ở đâu?,"Có thể thưởng thức đồ nướng ở phố Hàng Bông, ốc ở phố Đinh Liệt, hoặc Nem Tai Bà Hồng (35 Hàng Thùng) – những món ăn vặt nổi tiếng, được người dân địa phương yêu thích.","Khi phố lên đèn, Hà Nội trở nên nhộn nhịp hơn bao giờ hết. Đây là lúc lý tưởng để khám phá ẩm thực đường phố.",Quán ăn nổi tiếng,dễ,danh sách,https://toidi.net/diem-den-trong-nuoc/mot-ngay-o-ha-noi-nen-di-nhung-dau.html,
HN145,Nếu chỉ ở Hà Nội 2 ngày 1 đêm nên đi đâu ?,"Ngày 1 .Buổi sáng:Ăn phở Hà Nội để bắt đầu ngày mới.Tham quan Lăng Chủ tịch Hồ Chí Minh, Phủ Chủ tịch, Chùa Một Cột, Văn Miếu – Quốc Tử Giám.Buổi chiều:Dạo quanh Hồ Hoàn Kiếm, Cầu Thê Húc, Đền Ngọc Sơn.Lang thang Phố Cổ Hà Nội, trải nghiệm văn hóa 36 phố phường.Buổi tối:Thưởng thức đặc sản tại Phố đi bộ Hồ Gươm, Chợ đêm Đồng Xuân: bún chả, nộm bò khô, kem Tràng Tiền...Uống cà phê trứng trước khi về khách sạn.Ngày 2 :Buổi sáng:Thăm Nhà thờ Lớn Hà Nội, Nhà tù Hỏa Lò – nơi lưu giữ dấu ấn lịch sử.Buổi trưa – chiều:Ăn trưa tại bún chả Hương Liên.Dạo Hồ Tây, ghé Chùa Trấn Quốc, ngồi cà phê ven hồ ngắm cảnh, đạp xe thư giãn.Buổi tối:Xem múa rối nước Thăng Long.Khám phá Phố bia Tạ Hiện – thưởng thức bia hơi, đồ ăn vặt và giao lưu quốc tế.","Nhắc đến thủ đô Hà Nội, người ta thường nghĩ đến hình ảnh một thành phố cổ kính, với những di tích lịch sử và bề dày văn hóa nghìn năm; nhưng tồn tại song song là một thành phố năng động, hiện đại với rất nhiều hoạt động vui chơi, giải trí thú vị.",Trải nghiệm du lịch,khó,lịch trình,https://www.klook.com/vi/blog/du-lich-ha-noi-4-ngay-3-dem/?spm=BlogArticle.InArticleBlog_LIST&clickId=b6c26052cb#n113255e1,
HN146,Top 5 quán ăn ngon ở Hà Nội chuẩn vị ?,"Quán Phở 10 Lý Quốc Sư - Đậm Vị Ẩm Thực Hà Nội. Quán Bún Chả Hương Liên - Bún Chả ""Obama"". Quán Phở Tiến.  Quán Phở Gà Châm. Quán Phở Bò Ấu Triệu","Sẽ là thiếu sót lớn nếu du lịch Hà Nội mà không dành trọn một hoặc hai ngày cho ""food-tour"".",Trải nghiệm du lịch,dễ,danh sách,https://www.klook.com/vi/blog/quan-an-ngon-ha-noi/?spm=BlogArticle.InArticleBlog_LIST&clickId=ebbe5be695#n4fdd4221,
HN147,"Hà Nội vào mùa xuân,  khung cảnh như thế nào?","Hà Nội mùa xuân rực rỡ với cờ hoa, chợ Tết, đèn lồng và nắng ấm nhẹ, tạo cảm giác rộn ràng đầu năm mới.",Mùa du lịch Tết Nguyên Đán.,Trải nghiệm du lịch,dễ,mô tả,https://wyndham-thanhthuy.com/dia-diem-chup-anh-dep-o-ha-noi/,
HN148,Văn Miếu Quốc Tử Giám phù hợp với kiểu chụp ảnh nào?,"Là nơi lý tưởng cho những bộ ảnh áo dài hoặc cổ phục nhờ không gian cổ kính, cây xanh và kiến trúc truyền thống.",Văn Miếu Quốc Tử Giám phù hợp cho những người yêu thích văn hóa – lịch sử.,Trải nghiệm du lịch,dễ,giới thiệu,,
HN149,Con phố nào được mệnh danh là “đẹp nhất Hà Nội”?,"Phố Phan Đình Phùng – với hai hàng cây xanh cao vút, nắng vàng xuyên qua tán lá, tạo cảm giác mát mẻ và thơ mộng.",Ở phố Phan Đình Phùng có chụp ảnh phong cảnh thành phố rất đẹp.,Trải nghiệm du lịch,dễ,giới thiệu,https://wyndham-thanhthuy.com/dia-diem-chup-anh-dep-o-ha-noi/,
HN150,"Ngoài bún chả, có món nào nhẹ nhàng hơn cho bữa trưa không?","Có, hãy thử Bánh Cuốn Thanh Vân (14 Hàng Gà) hoặc chuỗi Bánh Cuốn Gia An – đều là những quán nổi tiếng ở Hà Nội.",Bánh cuốn món ăn nhẹ nhàng mà vẫn mang hương vị Hà Nội.,Món ăn đặc sản,dễ,gợi ý,https://toidi.net/diem-den-trong-nuoc/mot-ngay-o-ha-noi-nen-di-nhung-dau.html,
HN151,Gợi ý tour du lịch 1 ngày ở Hà Nội ?,"Viếng nơi an nghỉ cuối cùng của Chủ Tịch Hồ Chí Minh ở Lăng Bác.Ngắm những ngôi chùa tuyệt đẹp của thành phố: Chùa Trấn Quốc và Chùa Một Cột Khám phá phong cảnh thiên nhiên tuyệt vời dọc theo Hồ Hoàn Kiếm, tham quan Văn Miếu Quốc Tử Giám và di tích nhà tù Hoả Lò hoặc Bảo tàng phụ nữ Việt Nam.Thêm lựa chọn xem biểu diễn múa rối nước độc đáo hoặc tham gia một chuyến đi xe đạp ở thành phố vào cuối tour.Đây là tour của klook tham quan trong vòng 7 giờ.","Trong tour thành phố 7 giờ này, bạn sẽ khám phá được nét đặc trưng của Hà Nội thông qua các cảnh quan thiên nhiên, bảo tàng, nơi thờ cúng và hơn thế nữa. ",Trải nghiệm du lịch,trung bình,lịch trình,https://www.klook.com/vi/activity/1966-hanoi-day-tour-hanoi/?spm=BlogArticle.InArticleHyperlinkWord&clickId=02695fddf5,
HN152,Nên ở khách sạn nào để thuận tiện tham quan Lăng Bác ? ,"Khách sạn AIRA Boutique Hanoi Hotel & Spa, nằm ở số 38A Trần Phú, phường Điện Biên, quận Ba Đình – cách Lăng Chủ tịch Hồ Chí Minh chỉ khoảng 600 m.","Vị trí ở quận Ba Đình rất thuận lợi để bạn có thể đi bộ hoặc di chuyển nhanh đến các di tích như Lăng Bác, Chùa Một Cột hoặc khu vực Phủ Chủ tịch.",khách sạn nổi bật,dễ,gợi ý,https://khachsanvietnam.com.vn/ha-noi-hotel.html,
HN153,Bảo tàng Văn học Việt Nam mở cửa vào thời gian nào?,"Bảo tàng mở cửa từ 8h00 – 12h00 và 13h30 – 17h00, tất cả các ngày trong tuần.",Khách du lịch muốn biết thời gian mở cửa để sắp xếp lịch trình trong ngày.,Trải nghiệm du lịch,dễ,thời gian,https://www.klook.com/vi/blog/bao-tang-ha-noi/,
HN154,Top 5 địa điểm check in chụp ảnh đẹp ở Hà Nội ?,"Phố đi bộ Hồ Gươm: Không gian cổ kính, đông vui, có Tháp Rùa và cầu Thê Húc. Hồ Tây: Hoàng hôn lãng mạn, view rộng. Nhà Thờ Lớn Hà Nội: Kiến trúc Gothic châu Âu cổ điển, góc chụp đẹp. Phố cổ Hà Nội : Mang nét đẹp xưa cũ, náo nhiệt và đậm chất Hà Nội. Thung lũng hoa Hồ Tây: Đầy sắc màu, nhiều hoa rất phù hợp chụp ảnh.",Nếu yêu thích chụp ảnh sống ảo đừng bỏ lỡ 5 địa điểm trên,Trải nghiệm du lịch,dễ,danh sách,,
HN155,Có quán cà phê nào ở trên phố vừa ngon vừa có view đẹp không?,"Cafe Phố Cổ (ngõ 11 Hàng Gai) là địa chỉ lâu đời, có view nhìn ra Hồ Hoàn Kiếm. Ngoài ra, Cafe Lâm (60 Nguyễn Hữu Huân) nổi tiếng với cà phê đậm đà, gắn liền với ký ức người Hà Nội xưa.","Sau khi dạo quanh phố cổ, quán cà phê là nơi ngồi ngắm cảnh Hồ Gươm hoặc thưởng thức ly cà phê đúng “chất” Hà Nội.",Quán ăn nổi tiếng,dễ,gợi ý,https://toidi.net/diem-den-trong-nuoc/mot-ngay-o-ha-noi-nen-di-nhung-dau.html,
HN156,Bãi Đá Sông Hồng nằm ở đâu?,"Bãi Đá Sông Hồng nằm ở ngõ 264 Âu Cơ, phường Nhật Tân, quận Tây Hồ, Hà Nội – cách trung tâm khoảng 7km, rất thuận tiện để di chuyển.","Địa điểm chụp ảnh đẹp, gần trung tâm.",Địa điểm,dễ,địa chỉ,https://www.klook.com/vi/blog/dia-diem-du-lich-ha-noi/#n333fbae5,
HN157,Top 5 khách sạn gần Lăng Chủ tịch Hồ Chí Minh ?,"AIRA Boutique Hanoi Hotel & Spa – 38A Trần Phú, Ba Đình, cách Lăng Bác khoảng 600m. Pullman Hanoi Hotel – 40 Cát Linh, Đống Đa, cách Lăng Bác khoảng 1,4km.Grand Mercure Hanoi – 9 Cát Linh, Đống Đa, cách Lăng Bác chỉ vài phút di chuyển. Eli Rina Hotel – 115 Nguyễn Khuyến, Ba Đình, cách Lăng Bác khoảng 5 phút lái xe. Hanoi 20 Hotel & Apartment – 93 Đội Cấn, Ba Đình, cách Lăng Bác khoảng 1km.","Các khách sạn trên đều nằm trong khu vực trung tâm quận Ba Đình và Đống Đa, nơi tập trung nhiều di tích lịch sử như Lăng Chủ tịch Hồ Chí Minh, Văn Miếu, Hoàng thành Thăng Long",khách sạn nổi bật,dễ,danh sách,https://khachsanvietnam.com.vn/khach-san-gan-lang-bac.html,
HN158,Tham quan Chùa Hương mất bao lâu?,"Nên dành 1 ngày trọn vẹn để đi Chùa Hương, vì có nhiều điểm tham quan và đi lại bằng thuyền.","Chùa Hương là quần thể chùa lớn, nằm giữa núi non sông nước hữu tình.",Địa điểm,dễ,thời gian,,
HN159,Vườn quốc gia Ba Vì nằm ở đâu?,"Vườn quốc gia Ba Vì nằm ở phía Tây Bắc, cách trung tâm Hà Nội khoảng 60 km, thuộc hai huyện Ba Vì (Hà Nội) và Lương Sơn (Hòa Bình).",Điểm du lịch thiên nhiên gần thủ đô.,Địa điểm,dễ,vị trí,https://toidi.net/diem-den-trong-nuoc/vuon-quoc-gia-ba-vi-co-gi-dac-biet.html,
HN160,Đường đi đến Ba Vì có khó không?,"Đường đến Ba Vì khá dễ đi, bằng phẳng và có biển chỉ dẫn rõ ràng, không có nhiều đoạn đèo nguy hiểm.",Lo lắng đường núi sẽ dốc hoặc khó lái xe máy.,Địa điểm,dễ,mô tả,https://toidi.net/diem-den-trong-nuoc/vuon-quoc-gia-ba-vi-co-gi-dac-biet.html,
HN161,Bãi Đá Sông Hồng mở cửa từ mấy giờ đến mấy giờ?,Bãi Đá Sông Hồng mở cửa từ 7:00 sáng đến 23:00 tối mỗi ngày.,"Du khách muốn sắp xếp thời gian tham quan, chụp hình trong ngày.",Địa điểm,dễ,thời gian,https://www.klook.com/vi/blog/dia-diem-du-lich-ha-noi/#n333fbae5,
HN162,Thủy Cung Lotte World Hà Nội nằm ở đâu?,"Thủy Cung Lotte World nằm trong Lotte World Tây Hồ, số 683 đường Lạc Long Quân, phường Phú Thượng, quận Tây Hồ, Hà Nội .",Du khách muốn tìm địa chỉ cụ thể để thuận tiện di chuyển,Địa điểm,dễ,địa chỉ,https://www.klook.com/vi/blog/dia-diem-du-lich-ha-noi/#n75c6de9,
HN163,Ở Hà Nội có những quán chè nào nổi tiếng nào nên thử?,"Hà Nội có nhiều quán chè nổi tiếng như Chè Gỗ (9 Trần Phú, Ba Đình), Chè Xoan (29 Hàng Giấy, Hoàn Kiếm) , Chè Thái Cô Thủy (105B – A4 Thành Công, Ba Đình).","Chè ngon Hà Nội đa dạng, phong phú là món ăn nhẹ, giải nhiệt.",Món ăn đặc sản,dễ,danh sách,https://vinpearl.com/vi/che-ngon-ha-noi,
HN164,Vé vào cổng vườn quốc gia Ba Vì bao nhiêu tiền?,"Vé vào cổng người lớn 60.000đ,người già - khyết tật 30.000, sinh viên 20.000đ, học sinh 10.000.",Cần biết giá vé trước khi lên kế hoạch.,Địa điểm,dễ,giá trị,https://vuonquocgiabavi.com.vn/gia-dich-vu/,
HN165,Ở quận Cầu Giấy có quán chè nào ngon không?,"Quán chè 297 Tô Hiệu (quận Cầu Giấy). Ở đây có nhiều món chè truyền thống, nổi bật nhất là chè khúc bạch mềm mịn, tan ngay trong miệng. Giá khoảng 28.000 – 35.000 VNĐ.","Quán chè ngon, không quá xa trung tâm.",Món ăn đặc sản,dễ,gợi ý,,
HN166,Quán chè Thái ngon Hà Nội ?,"Chè Thái Đội Cấn , Địa chỉ: 75 Đội Cấn, Hà Nội. Chè Thái Nam Đồng, Địa chỉ: Đối diện số 22 Ngõ 119 Hồ Đắc Di, Hà Nội. ",Những bát chè Thái “siêu to khổng lồ” chỉ có “giá hạt dẻ”,Món ăn đặc sản,dễ,danh sách,https://vinwonders.com/vi/wonderpedia/news/review-quan-che-ngon-ha-noi/,
HN167,TOP 3 tiệm chè thập cẩm ngon Hà Nội không thể bỏ qua ?,"Chè thập cẩm cũ 1976, Địa chỉ: 72G, Trần Hưng Đạo, phường Cửa Nam. Chè Mười Sáu, Địa chỉ: 16 Ngô Thì Nhậm, Hà Nội. Chè thập cẩm 117 Đội Cấn, Địa chỉ: 117 Đội Cấn, Hà Nội. ","Chè thập cẩm Hà Nội đơn giản chỉ là sự kết hợp của các loại đỗ, loại hạt khác nhau cùng nước cốt dừa .",Món ăn đặc sản,dễ,danh sách,https://vinwonders.com/vi/wonderpedia/news/review-quan-che-ngon-ha-noi/,
HN168,Nếu chỉ có nửa ngày buổi chiều ở Hà Nội nên đi chùa Một cột hay chùa Kim Liên ?,"Nếu bạn chỉ có nửa buổi chiều, hãy chọn Chùa Một Cột vì:Dễ di chuyển, gần trung tâm du lịch (Lăng Bác, Hoàng Thành Thăng Long, Bảo tàng Hồ Chí Minh).Thời gian tham quan ngắn, đủ cảm nhận văn hóa – lịch sử đặc trưng Hà Nội.",Khách du lịch phân vân giữ các ngôi chùa,Điểm đến,trung bình,so sánh,,
HN169,Có thể đi Ba Vì bằng phương tiện gì?,"Có thể đi bằng xe máy, ô tô hoặc xe buýt. Xe buýt tuyến 214 (Yên Nghĩa – Xuân Khanh) hoặc tuyến 71, 74 (Mỹ Đình – Xuân Khanh) đều đến gần vườn.",Lựa chọn phương tiện phù hợp khi đi du lịch tự túc.,Phương tiện,dễ,gợi ý,,
HN170,Quán chè khúc bạch ngon ở Hà Nội ?,"Chè khúc bạch nhà Suvy, Địa chỉ: 33 Quang Trung, phường Cửa Nam. Chè Gỗ – hàng chè ngon ở Hà Nội, Địa chỉ: 9 Trần Phú, Hà Nội. Quán Diệp Phương – chè khúc bạch ngon Hà Nội, Địa chỉ: 9 Bùi Thị Xuân, Hà Nội","Nhắc đến chè ngon Hà Nội thì không thể không kể đến món chè khúc bạch hương vị ngọt ngào, béo ngậy, ăn một lần là nhớ mãi. ",Món ăn đặc sản,dễ,danh sách,https://vinwonders.com/vi/wonderpedia/news/review-quan-che-ngon-ha-noi/,
HN171,Tôi chỉ có nửa ngày buổi chiều ở Hà Nội - đi đâu để tham quan di tích lịch sử dễ dàng?”,"Có thể ghé Đền Ngọc Sơn – nằm trên đảo giữa Hồ Hoàn Kiếm, trung tâm quận Hoàn Kiếm. Đền có kiến trúc cổ kính, lịch sử lâu đời và nằm rất thuận tiện để di chuyển từ phố cổ.",Một di tích dễ tham quan vào buổi chiều ở Hà Nội.,Địa điểm,trung bình,gợi ý,https://vinwonders.com/vi/wonderpedia/news/den-ngoc-son-ha-noi/?,
HN172,Buổi tối ở khu phố cổ Hà Nội  có quán ăn vặt nào không?”,"Có thể ghé quán vặt ở khu phố ẩm thực như Phố Tống Duy Tân — nơi tập trung nhiều món ăn vặt đường phố, không khí đông vui, phù hợp cho một buổi chiều nhẹ nhàng.",Quán ăn vặt để cùng bạn bè chiều tối quanh phố cổ.,Quán ăn nổi tiếng,trung bình,gợi ý,,
HN173,Hoa dã quỳ ở Ba Vì nở vào tháng mấy?,"Hoa dã quỳ Ba Vì nở rộ từ tháng 10 đến tháng 12, vàng rực khắp sườn núi – mùa du lịch đẹp nhất trong năm.",Muốn săn mùa hoa đẹp nhất để chụp hình.,Địa điểm,dễ,thời gian,https://vuonquocgiabavi.com.vn/huong-dan-tham-quan-mua-hoa-da-quy-nam-2025-tai-vuon-quoc-gia-ba-vi/,
HN174,Bảo tàng nào ở Hà Nội có không gian hiện đại và đẹp để check-in?,"Bảo tàng Hà Nội với kiến trúc chóp ngược độc đáo và không gian xanh rộng lớn, cùng Bảo tàng Gốm Bát Tràng với thiết kế xoáy ốc ấn tượng – đều là điểm chụp hình cực đẹp.",Khách du lịch muốn tìm trải nghiệm hiện đại và chụp ảnh nghệ thuật.,Địa điểm,dễ,danh sách,https://www.klook.com/vi/blog/bao-tang-ha-noi/,
HN175,Tiệm chè sầu ngon Hà Nội ăn ?,"Chè sầu Liên Hàng Cót, Địa chỉ: 105c3 Nam Đồng, Hà Nội.  Chè Đà Nẵng Trần Thái Tông, Địa chỉ: 6 Trần Thái Tông, Hà Nội. Chè sầu Thể Giao, Địa chỉ: 7 Thái Hà, Hà Nội","Chè sầu thơm ngon, béo ngậy. ",Món ăn đặc sản,dễ,danh sách,https://vinwonders.com/vi/wonderpedia/news/review-quan-che-ngon-ha-noi/,
HN176,Top 5 khách sạn boutique tốt nhất Hà Nội ?,"Sofitel Legend Metropole Hà Nội, Địa chỉ: 15 Ngô Quyền, quận Hoàn Kiếm, Hà Nội.  Zephyr Hotel, Địa chỉ: 4 Bà Triệu, quận Hoàn Kiếm, Hà Nội. La Siesta Classic Ma May, Địa chỉ: 94 P. Mã Mây, Hàng Buồm, quận Hoàn Kiếm, Hà Nội. O’Gallery Premier Hotel & Spa, Địa chỉ: 122 Hàng Bông, quận Hoàn Kiếm, Hà Nội.  Hotel De L'opera Hanoi - Mgallery, Địa chỉ: 29 Tràng Tiền, quận Hoàn Kiếm, Hà Nội.",Danh sách khách sạn boutique tốt nhất Hà Nội xứng đáng để du khách trải nghiệm trong chuyến du lịch thủ đô.,khách sạn nổi bật,dễ,danh sách,https://khachsanvietnam.com.vn/khach-san-boutique-tot-nhat-ha-noi.html,
HN177,"Tôi muốn tham quan Đền Ngọc Sơn rồi ăn uống ngay gần đó, gợi ý địa điểm kết hợp cho tôi?","Sau khi tham quan Đền Ngọc Sơn thì bạn có thể đi bộ sang khu phố cổ và ghé ngay quán Bún chả ở gần như Bún chả 34 Hàng Than (34 Hàng Than, Ba Đình)",Kết hợp tham quan + ăn uống và tìm địa điểm phù hợp gần nhau.,Điểm đến,trung bình,gợi ý,,
HN178, Có được cắm trại qua đêm ở Ba Vì không?,"Có, cắm trại được phép ở nhiều khu như cốt 400, gần nhà thờ Pháp cổ hoặc vườn xương rồng.",Nhóm bạn trẻ hoặc gia đình muốn tổ chức dã ngoại.,Điểm đến,dễ,gợi ý,https://toidi.net/diem-den-trong-nuoc/vuon-quoc-gia-ba-vi-co-gi-dac-biet.html,
HN179,Nên ngắm hoa dã quỳ ở đâu trong vườn?," Qua khu rừng thông cốt 400 khoảng 200m du khách gửi xe, rẽ trái đi bộ khoảng 300m để đến “Rừng hoa Dã quỳ”. Rừng hoa Dã quỳ có diện tích rộng khoảng gần 10 ha, có tuyến đường mòn đi bộ dài trên 3km phục vụ du khách đi tản bộ giữa rừng hoa.",Gợi ý cụ thể nơi có hoa nhiều nhất.,Điểm đến,dễ,mô tả,https://vuonquocgiabavi.com.vn/huong-dan-tham-quan-mua-hoa-da-quy-nam-2025-tai-vuon-quoc-gia-ba-vi/,
HN180,Ở Hà Nội có bảo tàng nào miễn phí vé tham quan không?,"Bảo tàng Hồ Chí Minh mở cửa miễn phí cho người Việt Nam. Ngoài ra, Bảo tàng Công an Nhân dân, Bảo tàng Hà Nội, Bảo tàng Thiên nhiên Việt Nam, Bảo tàng Địa chất cũng miễn phí vé cho cả khách trong nước và quốc tế.",Khách du lịch muốn tìm bảo tàng miễn phí vé vào.,Điểm đến,dễ,danh sách,https://www.klook.com/vi/blog/bao-tang-ha-noi/,
HN181, Top 4 villa đẹp ở Hà Nội ?,"Hidden Villa Sóc Sơn, Địa chỉ: Thôn Lâm Trường, xã Minh Phú, huyện Sóc Sơn, Hà Nội. The Pool Villa, Địa chỉ: Xã Minh Phú, huyện Sóc Sơn, Hà Nội. Pine Forest Villa, Địa chỉ: Thôn Lâm Trường, xã Minh Phú, huyện Sóc Sơn, Hà Nội. Hill Top Villa, Địa chỉ: Xã Tiến Xuân, huyện Thạch Thất, Hà Nội.","Villa là lựa chọn phù hợp cho những vị khách dự định trải nghiệm nghỉ dưỡng, vui chơi cùng nhóm bạn hoặc gia đình.",Điểm đến,dễ,danh sách,https://khachsanvietnam.com.vn/villa-dep-o-ha-noi.html,
HN182,Khách sạn Grand Vista Hà Nội nằm ở đâu vậy?,"Khách sạn Grand Vista Hà Nội nằm tại 146 Giảng Võ, quận Ba Đình, Hà Nội, chỉ cách hồ Tây 3km, phố cổ 4,5km, rất thuận lợi để khám phá các điểm du lịch nổi tiếng.",Du khách tìm khách sạn cao cấp gần trung tâm thuận tiện tham quan.,khách sạn nổi bật,dễ,địa chỉ,https://khachsanvietnam.com.vn/dung-chan-tai-grand-vista-ha-noi.html,
HN183,Vì sao nên chọn Grand Vista Hà Nội cho kỳ nghỉ?,"Grand Vista nổi bật với vị trí trung tâm, tầm nhìn hồ Giảng Võ, dịch vụ sang trọng, nhà hàng đa dạng và tiện ích thư giãn cao cấp, phù hợp cho cả du lịch nghỉ dưỡng lẫn công tác.",Du khách đang so sánh khách sạn trong khu vực Ba Đình.,khách sạn nổi bật,trung bình,địa chỉ,,
HN184,Nên chọn tham quan Nhà tù Hỏa Lò hay Bảo tàng Dân tộc học nếu tôi thích tìm hiểu lịch sử?,"Nhà tù Hỏa Lò cho bạn cảm nhận rõ nét tinh thần kiên cường thời kháng chiến, còn Bảo tàng Dân tộc học giúp hiểu văn hóa 54 dân tộc. Nếu có ít thời gian , nên chọn Hỏa Lò vì nằm trung tâm. Nếu có nhiều thời gian có thể chọn Bảo tàng dân tộc.",Du khách yêu thích lịch sử Việt Nam.,Điểm đến,trung bình,so sánh,,
HN185,Những quán ăn vặt nào ở phố cổ Hà Nội được nhiều người yêu thích?,"Bạn có thể thử bánh gối, nem chua rán, chè bưởi ở phố Hàng Chiếu, Hàng Buồm, hoặc ngõ Tạm Thương.",Ăn vặt phố cổ ,Quán ăn nổi tiếng,dễ,gợi ý,,
HN186,Món ăn nào được xem là biểu tượng của ẩm thực Hà Nội?,"Đó là phở Hà Nội, món ăn truyền thống nổi tiếng với nước dùng ngọt thanh, thịt bò hoặc gà, ăn kèm rau thơm và chanh ớt.",Khách du lịch lần đầu đến Hà Nội muốn thử món đặc trưng nhất.,Món ăn đặc sản,dễ,gợi ý,,
HN187,Bảo tàng nào ở Hà Nội dành cho người yêu văn học Việt Nam?,"Đó là Bảo tàng Văn học Việt Nam tại ngõ 275 Âu Cơ, Tây Hồ, nơi trưng bày hàng ngàn tư liệu và hiện vật về nền văn học qua các thời kỳ, từ cổ đại đến hiện đại.",Khách du lịch yêu văn học muốn tìm nơi lưu giữ những dấu ấn của các nhà văn Việt Nam.,Điểm đến,dễ,gợi ý,,
HN188,Grand Plaza có khu vực tổ chức hội nghị hoặc sự kiện không?,"Có, khách sạn có 7 phòng hội nghị lớn nhỏ như Millennium Hall, Crystal Hall, Windsor Hall, sức chứa từ 25 đến 1.500 người, phù hợp hội thảo, tiệc cưới, hội nghị quốc tế.",Khách công tác hoặc tổ chức sự kiện muốn tìm nơi có hội trường rộng.,khách sạn nổi bật,dễ,mô tả,https://khachsanvietnam.com.vn/thu-gian-sang-chanh-tai-grand-plaza-ha-noi-hotel.html,
HN189,Có quán ăn nào ở Hà Nội hơn 50 năm tuổi mà vẫn giữ hương vị xưa?,"Phở Bát Đàn (49 Bát Đàn, Hoàn Kiếm) và Bún thang Cầu Gỗ là hai quán nổi tiếng giữ hương vị truyền thống qua nhiều thế hệ.",Du khách muốn tìm quán ăn truyền thống lâu đời.,Quán ăn nổi tiếng,trung bình ,gợi ý,https://vietnamnet.vn/du-lich/an-uong,
HN190,Tôi có thể mua đồ lưu niệm thủ công ở đâu tại Hà Nội?,"Làng gốm Bát Tràng (Gia Lâm) và phố Hàng Gai – Hàng Khay là những nơi lý tưởng để mua quà thủ công, gốm sứ, lụa tơ tằm.",Du khách muốn mua quà lưu niệm thủ công.,Địa điểm,dễ,gợi ý,https://dulichvietnam.com.vn/,
HN191,Có nơi nào biểu diễn nghệ thuật truyền thống ở Hà Nội không?,"Nhà hát Múa rối nước Thăng Long (57B Đinh Tiên Hoàng) là nơi biểu diễn nghệ thuật dân gian độc đáo, thu hút cả du khách trong và ngoài nước.",Du khách yêu thích văn hóa nghệ thuật.,Địa điểm,dễ,gợi ý,,
HN192,Grand Plaza Hà Nội có khu vui chơi hay thư giãn nào không?,"Có, khách sạn có bể bơi trong nhà (20x20m), spa trị liệu Von Spa, sân golf mini, và phòng gym hiện đại – đều nằm tại tầng 4.",Du khách tìm nơi nghỉ dưỡng kết hợp thư giãn sau khi tham quan.,khách sạn nổi bật,dễ,dịch vụ khách sạn,https://khachsanvietnam.com.vn/thu-gian-sang-chanh-tai-grand-plaza-ha-noi-hotel.html,
HN193,Gợi ý chỗ ăn bánh tôm Hà Nội ngon ?,"Bánh tôm Hàng Bồ: 55 Hàng Bồ, Hoàn Kiếm. Bánh tôm Hồ Tây: số 1 Thanh Niên, Tây Hồ. Bánh tôm Cô Ầm: ngõ Đồng Xuân, Hàng Chiếu, Hoàn Kiếm","Bánh tôm được làm từ tôm nước ngọt tươi, bọc trong lớp bột mì pha đậu xanh nhuyễn rồi chiên giòn lên vàng ươm. Lớp vỏ bánh giòn rụm, thơm bùi, bên trong là phần nhân tôm ngọt thanh, tẩm ướp vừa miệng.",Món ăn đặc sản,dễ,danh sách,https://www.klook.com/vi/blog/mon-ngon-ha-noi/#n-7057ee80,
HN194,Ở Grand Plaza có những loại phòng nào nổi bật?,"Khách sạn cung cấp nhiều loại phòng như Deluxe, Executive Suite, Plaza Suite, Charmvit Suite, Presidential Suite, Royal Suite, diện tích từ 45m² đến 460m², có tầm nhìn đẹp và đầy đủ tiện nghi cao cấp.",Du khách đang chọn hạng phòng phù hợp cho kỳ nghỉ hoặc công tác.,khách sạn nổi bật,dễ,mô tả ,https://khachsanvietnam.com.vn/thu-gian-sang-chanh-tai-grand-plaza-ha-noi-hotel.html,
HN195,Khách sạn nào ở Hà Nội có view đẹp nhìn ra Hồ Tây?,"InterContinental Hanoi Westlake (Tây Hồ) có view hồ tuyệt đẹp, yên tĩnh và rất được du khách quốc tế ưa chuộng.",Du khách muốn tìm khách sạn cao cấp có view đẹp.,khách sạn nổi bật,dễ,gợi ý,,
HN196,Du lịch Hà Nội ăn gì? ,"Phở Hà Nội, Bún đậu mắm tôm, Bún riêu, bún chả, bún cá - Các món phở, bún đặc sản Hà thành",Các món buns phở không nên bỏ qua khi tới Hà Nội,Món ăn đặc sản,dễ,danh sách,https://vinwonders.com/vi/wonderpedia/news/du-lich-ha-noi-an-gi-toplist-cac-mon-an-ha-noi-sieu-ngon-noi-tieng-nhat/,
HN197,Grand Plaza Hà Nội Hotel nằm ở đâu?,"Khách sạn tọa lạc tại 117 Trần Duy Hưng, quận Cầu Giấy, Hà Nội, ngay trung tâm thành phố, rất thuận tiện để di chuyển đến các điểm du lịch nổi tiếng.",Du khách đang tìm khách sạn 5 sao thuận tiện đi lại khi tham quan Hà Nội.,khách sạn nổi bật,dễ,địa chỉ,https://khachsanvietnam.com.vn/thu-gian-sang-chanh-tai-grand-plaza-ha-noi-hotel.html,
HN198, Top 3 quán chè hoa quả ngon ở Hà Nội ?," Chè bơ Xã Đàn – Quán chè ngon Hà Nội, Địa chỉ: số 492 Xã Đàn, Hà Nội. Chè bưởi Đê La Thành, Địa chỉ: 491 Đê La Thành. Chè xoài Hàng Than, Địa chỉ: số 2 Nguyễn Trường Tộ và số 186 Nguyễn Văn Cừ","Mùa hè là thời điểm tuyệt vời cho các quán chè ngon Hà Nội bổ sung ngay món chè hoa quả healthy, ngọt mát.",Món ăn đặc sản,dễ,danh sách,https://vinwonders.com/vi/wonderpedia/news/review-quan-che-ngon-ha-noi/,
HN199,Gợi ý cho tôi một số quán bún đậu mắm tôm ngon ở Hà Nội ?,"Bún đậu mắm tôm Ngõ Trạm: 1B Ngõ Trạm, Q.Hoàn Kiếm. Bún đậu Trung Hương: 49 ngõ Phất Lộc, Hàng Bạc. Bún đậu Cây Bàng – Đại La: 129 Đại La, Q.Hai Bà Trưng"," Bún đậu mắm tôm gồm bún rối, đậu rán vàng giòn, chả cốm, thịt luộc, ăn kèm với rau sống và mắm tôm pha sánh mịn là đủ gây thương nhớ.",Món ăn đặc sản,dễ,gợi ý,https://www.klook.com/vi/blog/mon-ngon-ha-noi/,
HN200,Các món bánh ngon ở Hà Nội nhất định phải thử ?,"Bánh tôm hồ Tây, Bánh mì chảo, Bánh đúc nóng, Bánh trôi tàu, Bánh rán - là các món bánh nhất định phải thử khi tới Hà Nội","Các món bánh dễ ăn, ăn vào buổi sáng hoặc xế chiều",Món ăn đặc sản,dễ,gợi ý,https://vinwonders.com/vi/wonderpedia/news/du-lich-ha-noi-an-gi-toplist-cac-mon-an-ha-noi-sieu-ngon-noi-tieng-nhat/,
HN201,Gợi ý các món ăn vặt nổi tiếng ở Hà Nội ?,"Ốc: một số quán ốc ngon nếu bạn chưa biết tới du lịch Hà Nội ăn gì: VNA Vua Ốc hoặc số 2 Hàng Than. Chè: món ăn vặt không thể không thưởng thức giữa những ngày hè oi ả chính là chè Hà Nội. Nem chua rán: đây là món ăn vặt ở Hà Nội rất quen thuộc sau mỗi buổi chiều. Ô mai- Ô mai Gia Bảo ở 188 Hoàng Hoa Thám, hoặc ô mai ở số 39 Phan Văn Trường giòn giòn với đủ vị chua, cay, mặn, ngọt tự nhiên.. Cốm: nói về món ăn truyền thống Hà Nội thì cốm làng Vòng là một thứ quà quê giản dị mang hương vị dân dã giữa lòng thành phố nhộn nhịp. Thịt xiên nướng: đây là món ăn vặt mà bạn dễ dàng bắt gặp ở bất kỳ dãy phố hoặc khu chợ tại Hà Nội.",Các món ăn vặt nổi tiếng,Món ăn đặc sản,dễ,gợi ý,https://vinwonders.com/vi/wonderpedia/news/du-lich-ha-noi-an-gi-toplist-cac-mon-an-ha-noi-sieu-ngon-noi-tieng-nhat/,
